Points_0,Points_1,Points_2,U_0,U_1,U_2,p
2,2.5,0,0.0158703,-0.00321711,-6.67989,0
2,2.5,0.03,0.0168694,-0.000931963,-6.72923,1.49773
2,2.5,0.06,0.016076,6.41353e-05,-6.74094,3.11753
2,2.5,0.09,0.0152366,0.00110073,-6.74849,4.67892
2,2.5,0.12,0.0141148,0.00229088,-6.73022,5.58838
2,2.5,0.15,0.0137378,0.00298871,-6.74619,6.32345
2,2.5,0.18,0.0133651,0.00369336,-6.76223,7.05796
2,2.5,0.21,0.0129996,0.00440999,-6.77837,7.79145
2,2.5,0.24,0.0126492,0.00515093,-6.79473,8.52289
2,2.5,0.27,0.0123378,0.00595543,-6.81167,9.24897
2,2.5,0.3,0.0117698,0.00746061,-6.8087,9.99895
2,2.5,0.33,0.0108077,0.00941319,-6.79607,11.1286
2,2.5,0.36,0.0094246,0.0100499,-6.74673,12.1779
2,2.5,0.39,0.00816519,0.0107173,-6.70279,13.1687
2,2.5,0.42,0.0069391,0.0113929,-6.66031,14.1438
2,2.5,0.45,0.00572708,0.012072,-6.61845,15.1122
2,2.5,0.48,0.00473579,0.012666,-6.60718,16.0764
2,2.5,0.51,0.00323349,0.012674,-6.62005,17.7649
2,2.5,0.54,0.00168252,0.0123391,-6.58355,19.4183
2,2.5,0.57,0.00175117,0.0126698,-6.58479,20.427
2,2.5,0.6,0.00184011,0.0128877,-6.58814,21.4375
2,2.5,0.63,0.0014473,0.0133974,-6.6062,22.5235
2,2.5,0.66,0.00121538,0.0134218,-6.62993,23.6032
2,2.5,0.69,0.00192443,0.0122513,-6.61439,24.6306
2,2.5,0.72,0.00318573,0.0111353,-6.66148,25.7268
2,2.5,0.75,0.00444977,0.010015,-6.70855,26.8236
2,2.5,0.78,0.00572289,0.00887979,-6.75559,27.9224
2,2.5,0.81,0.00683523,0.00765273,-6.78574,29.0439
2,2.5,0.84,0.00743394,0.00778289,-6.79397,30.0008
2,2.5,0.87,0.00813463,0.00689468,-6.75351,31.1778
2,2.5,0.9,0.00941812,0.00602494,-6.71997,32.2619
2,2.5,0.93,0.0107239,0.0051524,-6.68676,33.3432
2,2.5,0.96,0.0120297,0.00427986,-6.65355,34.4244
2,2.5,0.99,0.0133355,0.00340732,-6.62035,35.5056
2,2.5,1.02,0.0141689,0.003105,-6.59767,36.5798
2,2.5,1.05,0.014527,0.00346232,-6.59566,37.6293
2,2.5,1.08,0.014929,0.00382996,-6.60039,38.6621
2,2.5,1.11,0.0136557,0.00482655,-6.56946,39.7623
2,2.5,1.14,0.0123901,0.00588215,-6.55411,40.8491
2,2.5,1.17,0.0106389,0.00747401,-6.5561,41.939
2,2.5,1.2,0.00853271,0.00947098,-6.56319,43.0848
2,2.5,1.23,0.00687833,0.011252,-6.58722,44.2766
2,2.5,1.26,0.00515875,0.0130487,-6.61607,45.5302
2,2.5,1.29,0.00327458,0.0153625,-6.58744,46.9597
2,2.5,1.32,0.000512611,0.0175735,-6.60077,47.9898
2,2.5,1.35,-0.00238708,0.0196202,-6.63778,48.9347
2,2.5,1.38,-0.00455227,0.0204191,-6.65488,49.8849
2,2.5,1.41,-0.00553338,0.0197732,-6.65639,50.8253
2,2.5,1.44,-0.00635481,0.017034,-6.63092,51.8637
2,2.5,1.47,-0.00764573,0.013641,-6.57823,52.9782
2,2.5,1.5,-0.0067126,0.00992784,-6.6135,54.0899
2,2.5,1.53,-0.00475573,0.00605614,-6.68793,55.2029
2,2.5,1.56,-0.00385183,0.00247961,-6.71156,56.293
2,2.5,1.59,-0.00311665,-0.000923862,-6.69846,57.2794
2,2.5,1.62,-0.00263815,-0.00409963,-6.65883,58.1993
2,2.5,1.65,-0.00236499,-0.0068762,-6.59925,59.0942
2,2.5,1.68,-0.00201526,-0.0100717,-6.5499,60.0218
2,2.5,1.71,-0.00306716,-0.0136023,-6.57225,61.1476
2,2.5,1.74,-0.00436039,-0.0165172,-6.58205,62.2419
2,2.5,1.77,-0.00657688,-0.0174627,-6.54998,63.213
2,2.5,1.8,-0.00888388,-0.0190243,-6.60046,64.1899
2,2.5,1.83,-0.0111863,-0.0205921,-6.65092,65.1653
2,2.5,1.86,-0.0134756,-0.022177,-6.70132,66.1364
2,2.5,1.89,-0.0157747,-0.0233496,-6.7461,67.168
2,2.5,1.92,-0.0157268,-0.0193431,-6.70734,68.2929
2,2.5,1.95,-0.015332,-0.0139557,-6.65379,69.427
2,2.5,1.98,-0.0149612,-0.00852287,-6.59915,70.5671
2,2.5,2.01,-0.014999,-0.00323599,-6.55573,71.7254
2,2.5,2.04,-0.0178434,0.00117015,-6.58347,73.0014
2,2.5,2.07,-0.0171366,0.004427,-6.56736,73.9004
2,2.5,2.1,-0.0145435,0.00495894,-6.54879,74.9574
2,2.5,2.13,-0.0112256,0.00465731,-6.57292,76.1702
2,2.5,2.16,-0.00787521,0.00263568,-6.5628,77.3541
2,2.5,2.19,-0.00618606,0.000393106,-6.55901,78.4078
2,2.5,2.22,-0.00648033,-0.00254119,-6.56099,79.416
2,2.5,2.25,-0.00609868,-0.00537443,-6.56725,80.5081
2,2.5,2.28,-0.00399642,-0.00700813,-6.60105,81.7145
2,2.5,2.31,-0.00202024,-0.00854966,-6.63678,82.9092
2,2.5,2.34,-0.000391943,-0.00996148,-6.67859,84.0647
2,2.5,2.37,1.27065e-06,-0.0113614,-6.72337,85.0672
2,2.5,2.4,-0.00068719,-0.0115333,-6.69087,86.2195
2,2.5,2.43,-0.000791078,-0.0112015,-6.62978,87.2223
2,2.5,2.46,-0.000902103,-0.0107899,-6.58608,88.264
2,2.5,2.49,-0.00139023,-0.00984129,-6.64513,89.4833
2,2.5,2.52,-0.000512512,-0.009394,-6.65303,90.6289
2,2.5,2.55,0.00251705,-0.00848875,-6.5944,91.8842
2,2.5,2.58,0.00425524,-0.00834463,-6.65365,92.9083
2,2.5,2.61,0.00599199,-0.00818868,-6.71264,93.932
2,2.5,2.64,0.00751085,-0.00779086,-6.76399,94.9219
2,2.5,2.67,0.00752662,-0.00642008,-6.72574,95.9874
2,2.5,2.7,0.00745589,-0.0051428,-6.6726,97.0421
2,2.5,2.73,0.00739029,-0.0038778,-6.61926,98.0973
2,2.5,2.76,0.00687049,-0.00262334,-6.58441,99.1503
2,2.5,2.79,0.00459382,-0.00147246,-6.62139,100.197
2,2.5,2.82,0.0042285,-0.000457205,-6.62519,101.22
2,2.5,2.85,0.00412443,0.000226623,-6.61189,102.316
2,2.5,2.88,0.00443177,-0.000144892,-6.63227,103.479
2,2.5,2.91,0.00444837,-0.000430643,-6.69871,104.538
2,2.5,2.94,0.00446897,-0.000717875,-6.7653,105.598
2,2.5,2.97,0.0061756,-0.000935271,-6.77349,106.634
2,2.5,3,0.00906423,-0.00118807,-6.72183,107.71
2,2.5,3.03,0.011955,-0.00144093,-6.6701,108.788
2,2.5,3.06,0.0145288,-0.00196932,-6.6378,109.867
2,2.5,3.09,0.0156502,-0.00376314,-6.69463,110.95
2,2.5,3.12,0.0188209,-0.00317458,-6.69102,111.944
2,2.5,3.15,0.0219219,-0.00362597,-6.69824,113.073
2,2.5,3.18,0.0251171,-0.00284307,-6.68426,114.119
2,2.5,3.21,0.0285508,-0.000941838,-6.64578,115.178
2,2.5,3.24,0.0323208,0.00080876,-6.61385,116.268
2,2.5,3.27,0.0355338,0.000956352,-6.61391,117.365
2,2.5,3.3,0.0381324,0.000811658,-6.61483,118.417
2,2.5,3.33,0.0408501,0.000697036,-6.6158,119.473
2,2.5,3.36,0.0438021,-0.000678822,-6.64077,120.612
2,2.5,3.39,0.0469908,-0.00217991,-6.67509,121.775
2,2.5,3.42,0.0503501,-0.00379255,-6.71743,122.975
2,2.5,3.45,0.0522483,-0.00553014,-6.70729,124.027
2,2.5,3.48,0.0531602,-0.00764208,-6.71997,125.113
2,2.5,3.51,0.0540023,-0.00907693,-6.72205,126.326
2,2.5,3.54,0.0551017,-0.0100513,-6.66147,127.324
2,2.5,3.57,0.0558636,-0.0113257,-6.60154,128.306
2,2.5,3.6,0.0572446,-0.0105439,-6.61941,129.439
2,2.5,3.63,0.0579259,-0.0101053,-6.64133,130.648
2,2.5,3.66,0.058427,-0.00941103,-6.64739,131.836
2,2.5,3.69,0.0581527,-0.00750149,-6.58946,132.843
2,2.5,3.72,0.0588095,-0.00669778,-6.6642,133.718
2,2.5,3.75,0.0594686,-0.00589694,-6.739,134.593
2,2.5,3.78,0.0601471,-0.00514722,-6.79754,135.466
2,2.5,3.81,0.0603448,-0.00437281,-6.78271,136.52
2,2.5,3.84,0.060423,-0.00358541,-6.71038,137.755
2,2.5,3.87,0.06052,-0.00281477,-6.63652,138.98
2,2.5,3.9,0.0606199,-0.00204665,-6.56243,140.204
2,2.5,3.93,0.0615018,-0.00136444,-6.59052,141.173
2,2.5,3.96,0.0587953,-0.000230721,-6.5855,142.292
2,2.5,3.99,0.0536112,0.00152695,-6.56056,143.66
2,2.5,4.02,0.0474777,0.00273929,-6.56977,144.845
2,2.5,4.05,0.0419455,0.00437066,-6.60976,145.991
2,2.5,4.08,0.0368286,0.00604623,-6.65075,147.109
2,2.5,4.11,0.0306777,0.00532765,-6.6408,148.17
2,2.5,4.14,0.0245322,0.00459784,-6.63667,149.159
2,2.5,4.17,0.0191189,0.00465747,-6.64958,150.209
2,2.5,4.2,0.0116449,0.00358029,-6.65197,151.185
2,2.5,4.23,0.00205875,0.00264152,-6.65319,152.201
2,2.5,4.26,-0.0122859,0.00324361,-6.65462,153.329
2,2.5,4.29,-0.0256348,0.00420432,-6.64285,154.417
2,2.5,4.32,-0.0378524,0.00582784,-6.60141,155.489
2,2.5,4.35,-0.0539354,0.00958074,-6.62924,156.325
2,2.5,4.38,-0.0695052,0.0126625,-6.61041,157.527
2,2.5,4.41,-0.0881133,0.0076781,-6.61117,158.613
2,2.5,4.44,-0.109191,0.00813134,-6.60121,159.7
2,2.5,4.47,-0.138461,0.00791493,-6.62251,160.965
2,2.5,4.5,-0.168262,0.00820287,-6.65212,162.278
2,2.5,4.53,-0.193867,0.00782774,-6.63375,163.248
2,2.5,4.56,-0.222212,0.00713683,-6.61835,164.256
2,2.5,4.59,-0.255184,0.00217886,-6.55558,165.521
2,2.5,4.62,-0.294371,-0.00189829,-6.58672,166.594
2,2.5,4.65,-0.333817,-0.00583041,-6.62671,167.642
2,2.5,4.68,-0.372932,-0.00976974,-6.66603,168.683
2,2.5,4.71,-0.414079,-0.0111515,-6.62196,169.807
2,2.5,4.74,-0.453535,-0.00999738,-6.52415,171.039
2,2.5,4.77,-0.491537,-0.0090409,-6.45169,172.286
2,2.5,4.8,-0.537673,-0.00839973,-6.44259,173.639
2,2.5,4.83,-0.594177,-0.00802734,-6.39947,175.069
2,2.5,4.86,-0.639579,-0.00867611,-6.36419,176.351
2,2.5,4.89,-0.675,-0.00850371,-6.30188,177.581
2,2.5,4.92,-0.712028,-0.00621269,-6.26327,178.926
2,2.5,4.95,-0.765113,-0.00313178,-6.21583,180.328
2,2.5,4.98,-0.804081,-0.00418451,-6.15639,181.839
2,2.5,5.01,-0.840402,-0.00586074,-6.08504,183.314
2,2.5,5.04,-0.878178,-0.00620318,-5.98856,184.698
2,2.5,5.07,-0.914147,-0.00524738,-5.88732,186.087
2,2.5,5.1,-0.958098,-0.00652258,-5.81117,187.499
2,2.5,5.13,-0.986174,-0.00659805,-5.72076,188.9
2,2.5,5.16,-1.0065,-0.00541463,-5.61919,190.257
2,2.5,5.19,-1.04768,-0.00454489,-5.50946,191.466
2,2.5,5.22,-1.0616,-0.0052207,-5.40251,192.64
2,2.5,5.25,-1.05926,-0.00513931,-5.30621,193.943
2,2.5,5.28,-1.03667,-0.00727342,-5.18534,195.467
2,2.5,5.31,-1.04744,-0.00927922,-5.038,196.932
2,2.5,5.34,-1.04665,-0.009297,-4.89682,198.268
2,2.5,5.37,-1.03825,-0.0080735,-4.76924,199.491
2,2.5,5.4,-1.02792,-0.00963434,-4.67995,200.612
2,2.5,5.43,-0.989397,-0.00863205,-4.56196,201.64
2,2.5,5.46,-0.951013,-0.00773054,-4.44429,202.663
2,2.5,5.49,-0.921216,-0.00812415,-4.32702,203.68
2,2.5,5.52,-0.90702,-0.0111027,-4.21308,204.721
2,2.5,5.55,-0.894268,-0.0144599,-4.10106,205.746
2,2.5,5.58,-0.846776,-0.0144048,-3.97662,206.834
2,2.5,5.61,-0.804639,-0.0106667,-3.85424,207.817
2,2.5,5.64,-0.763701,-0.010107,-3.72048,208.724
2,2.5,5.67,-0.727946,-0.00912325,-3.60006,209.607
2,2.5,5.7,-0.710622,-0.00755163,-3.53535,210.386
2,2.5,5.73,-0.689202,-0.0101528,-3.46461,211.159
2,2.5,5.76,-0.651237,-0.0151519,-3.3861,211.785
2,2.5,5.79,-0.620323,-0.0155077,-3.30615,212.296
2,2.5,5.82,-0.589391,-0.0157775,-3.22797,212.816
2,2.5,5.85,-0.555552,-0.0166321,-3.17159,213.376
2,2.5,5.88,-0.522912,-0.0166316,-3.12861,213.765
2,2.5,5.91,-0.489241,-0.0147026,-3.08015,214.196
2,2.5,5.94,-0.446225,-0.00991552,-3.03196,214.648
2,2.5,5.97,-0.398156,-0.00682488,-2.9813,215.168
2,2.5,6,-0.359879,-0.0118311,-2.93112,215.71
2,2.5,6.03,-0.344107,-0.00713464,-2.90797,216.192
2,2.5,6.06,-0.324748,-0.00428066,-2.89937,216.644
2,2.5,6.09,-0.296867,-0.00422106,-2.89069,217.099
2,2.5,6.12,-0.258562,-0.00667125,-2.87396,217.58
2,2.5,6.15,-0.230303,-0.00542761,-2.8662,218.033
2,2.5,6.18,-0.210115,-0.00220155,-2.85857,218.474
2,2.5,6.21,-0.188792,-0.00133245,-2.85788,219.06
2,2.5,6.24,-0.167263,0.00101612,-2.83155,219.494
2,2.5,6.27,-0.148703,0.00320797,-2.82002,219.92
2,2.5,6.3,-0.132633,0.00495638,-2.8291,220.344
2,2.5,6.33,-0.116661,0.00667591,-2.83521,220.794
2,2.5,6.36,-0.101871,0.00993865,-2.82699,221.232
2,2.5,6.39,-0.0899173,0.0124298,-2.81002,221.654
2,2.5,6.42,-0.0797262,0.0140368,-2.78073,222.08
2,2.5,6.45,-0.0701524,0.0177418,-2.78735,222.524
2,2.5,6.48,-0.0613581,0.0223054,-2.81729,222.961
2,2.5,6.51,-0.053273,0.0256459,-2.83629,223.395
2,2.5,6.54,-0.0471115,0.0294098,-2.82392,223.83
2,2.5,6.57,-0.041987,0.0339407,-2.80951,224.25
2,2.5,6.6,-0.0369991,0.0390064,-2.795,224.672
2,2.5,6.63,-0.0322635,0.0445045,-2.80685,225.162
2,2.5,6.66,-0.0273983,0.0518166,-2.79066,225.693
2,2.5,6.69,-0.0232439,0.0607684,-2.78574,226.228
2,2.5,6.72,-0.0206073,0.0714866,-2.79716,226.753
2,2.5,6.75,-0.0180831,0.0785843,-2.77466,227.213
2,2.5,6.78,-0.0167295,0.0910493,-2.79117,227.627
2,2.5,6.81,-0.0154678,0.103935,-2.81074,228.038
2,2.5,6.84,-0.0137935,0.114748,-2.80407,228.469
2,2.5,6.87,-0.0127641,0.129346,-2.78215,229
2,2.5,6.9,-0.01206,0.145477,-2.76108,229.515
2,2.5,6.93,-0.0113933,0.161387,-2.73723,230.04
2,2.5,6.96,-0.0106859,0.175869,-2.71464,230.587
2,2.5,6.99,-0.00999419,0.190987,-2.69588,231.12
2,2.5,7.02,-0.00885308,0.210996,-2.67541,231.633
2,2.5,7.05,-0.00689266,0.227352,-2.64603,232.172
2,2.5,7.08,-0.00664397,0.242751,-2.63528,232.618
2,2.5,7.11,-0.00639976,0.258073,-2.62451,233.063
2,2.5,7.14,-0.00617392,0.272793,-2.61326,233.501
2,2.5,7.17,-0.0048633,0.289441,-2.57447,233.962
2,2.5,7.2,-0.00487617,0.30702,-2.51674,234.457
2,2.5,7.23,-0.00492243,0.323143,-2.45958,234.946
2,2.5,7.26,-0.00428282,0.334068,-2.41548,235.406
2,2.5,7.29,-0.00219967,0.334646,-2.39847,235.809
2,2.5,7.32,-0.00011801,0.335116,-2.38152,236.212
2,2.5,7.35,0.000731257,0.335169,-2.34585,236.642
2,2.5,7.38,-0.000829867,0.336403,-2.27432,237.128
2,2.5,7.41,-0.0023288,0.337289,-2.20248,237.614
2,2.5,7.44,-0.00266032,0.340242,-2.14713,238.062
2,2.5,7.47,-0.00283959,0.337279,-2.10488,238.465
2,2.5,7.5,-0.00465964,0.336294,-2.05492,238.849
2,2.5,7.53,-0.00493529,0.335822,-1.99363,239.261
2,2.5,7.56,-0.00528668,0.331349,-1.95282,239.632
2,2.5,7.59,-0.00562315,0.326668,-1.91693,239.999
2,2.5,7.62,-0.00608366,0.318933,-1.87192,240.357
2,2.5,7.65,-0.0060742,0.306877,-1.81538,240.71
2,2.5,7.68,-0.00586629,0.289712,-1.7669,241.025
2,2.5,7.71,-0.00527592,0.284139,-1.71388,241.371
2,2.5,7.74,-0.00523514,0.275123,-1.65883,241.699
2,2.5,7.77,-0.00527075,0.268397,-1.61485,242.002
2,2.5,7.8,-0.00504934,0.256901,-1.58572,242.27
2,2.5,7.83,-0.00492753,0.242171,-1.55426,242.52
2,2.5,7.86,-0.00444644,0.230625,-1.52051,242.778
2,2.5,7.89,-0.0060051,0.221497,-1.48243,243.022
2,2.5,7.92,-0.00634701,0.212891,-1.44825,243.265
2,2.5,7.95,-0.00434939,0.212508,-1.41574,243.5
2,2.5,7.98,-0.00489551,0.204499,-1.39273,243.694
2,2.5,8.01,-0.00584688,0.192552,-1.3733,243.886
2,2.5,8.04,-0.00694368,0.178991,-1.35535,244.078
2,2.5,8.07,-0.00811149,0.164642,-1.33814,244.27
2,2.5,8.1,-0.00778459,0.154758,-1.32173,244.457
2,2.5,8.13,-0.00655754,0.144073,-1.3184,244.665
2,2.5,8.16,-0.00535394,0.132562,-1.31225,244.873
2,2.5,8.19,-0.00421809,0.120443,-1.30365,245.08
2,2.5,8.22,-0.00308302,0.108412,-1.29505,245.288
2,2.5,8.25,-0.00277979,0.095917,-1.28372,245.468
2,2.5,8.28,-0.00417981,0.0840282,-1.27761,245.651
2,2.5,8.31,-0.00524305,0.0770149,-1.27143,245.844
2,2.5,8.34,-0.00586302,0.0704896,-1.25853,246.027
2,2.5,8.37,-0.00638309,0.0640669,-1.24384,246.208
2,2.5,8.4,-0.00717556,0.0578214,-1.23881,246.404
2,2.5,8.43,-0.00845744,0.0510971,-1.24579,246.633
2,2.5,8.46,-0.00962293,0.04342,-1.24371,246.853
2,2.5,8.49,-0.011767,0.038481,-1.24082,247.031
2,2.5,8.52,-0.0136471,0.0331183,-1.23547,247.247
2,2.5,8.55,-0.0152088,0.0283744,-1.22838,247.439
2,2.5,8.58,-0.0173706,0.0239776,-1.22679,247.637
2,2.5,8.61,-0.0202131,0.0203202,-1.24106,247.83
2,2.5,8.64,-0.0227326,0.0168848,-1.24975,248.024
2,2.5,8.67,-0.024852,0.0150043,-1.24501,248.215
2,2.5,8.7,-0.0272911,0.012788,-1.23159,248.427
2,2.5,8.73,-0.0297046,0.0105912,-1.21832,248.637
2,2.5,8.76,-0.0319753,0.00856892,-1.21444,248.845
2,2.5,8.79,-0.0344386,0.00747557,-1.21257,249.024
2,2.5,8.82,-0.0369128,0.00642268,-1.21046,249.201
2,2.5,8.85,-0.0404367,0.00548493,-1.21133,249.401
2,2.5,8.88,-0.045551,0.00485445,-1.2219,249.601
2,2.5,8.91,-0.0504075,0.00407097,-1.22708,249.805
2,2.5,8.94,-0.0557948,0.00289374,-1.22105,250.003
2,2.5,8.97,-0.0600686,0.00129698,-1.20222,250.18
2,2.5,9,-0.0646708,2.31812e-05,-1.18863,250.368
2,2.5,9.03,-0.0713756,-6.88468e-05,-1.20068,250.595
2,2.5,9.06,-0.0779077,-0.000336117,-1.19989,250.82
2,2.5,9.09,-0.0839385,-0.00037126,-1.19104,250.982
2,2.5,9.12,-0.0893199,-0.000396518,-1.18191,251.149
2,2.5,9.15,-0.0949203,-0.000592193,-1.17117,251.331
2,2.5,9.18,-0.102173,-0.000626647,-1.16153,251.547
2,2.5,9.21,-0.106041,-0.00052666,-1.14872,251.772
2,2.5,9.24,-0.109791,-0.000377686,-1.13609,252.001
2,2.5,9.27,-0.121223,1.93247e-05,-1.11862,252.243
2,2.5,9.3,-0.129452,0.000414978,-1.10258,252.467
2,2.5,9.33,-0.12891,0.000604457,-1.08996,252.655
2,2.5,9.36,-0.129222,0.000652413,-1.07452,252.844
2,2.5,9.39,-0.130452,0.00103405,-1.06271,253.014
2,2.5,9.42,-0.132495,0.00159009,-1.0488,253.18
2,2.5,9.45,-0.135143,0.00138059,-1.03244,253.346
2,2.5,9.48,-0.139093,0.000235638,-1.01047,253.539
2,2.5,9.51,-0.139652,-8.79171e-05,-0.983967,253.75
2,2.5,9.54,-0.138053,-0.00059315,-0.95855,253.941
2,2.5,9.57,-0.134063,-0.00185791,-0.942825,254.107
2,2.5,9.6,-0.135238,-0.00260919,-0.925832,254.258
2,2.5,9.63,-0.138299,-0.00265679,-0.905553,254.395
2,2.5,9.66,-0.136922,-0.00184697,-0.876087,254.536
2,2.5,9.69,-0.132762,-0.00236545,-0.86382,254.648
2,2.5,9.72,-0.128472,-0.00296628,-0.852607,254.758
2,2.5,9.75,-0.125511,-0.00340674,-0.839953,254.87
2,2.5,9.78,-0.12265,-0.00292173,-0.817225,255.009
2,2.5,9.81,-0.11879,-0.00230642,-0.792914,255.15
2,2.5,9.84,-0.114938,-0.00169115,-0.768626,255.291
2,2.5,9.87,-0.110987,-0.000596969,-0.758447,255.412
2,2.5,9.9,-0.105895,0.000238624,-0.742112,255.542
2,2.5,9.93,-0.101414,0.000717595,-0.727315,255.661
2,2.5,9.96,-0.0989122,0.00108746,-0.712878,255.752
2,2.5,9.99,-0.0963274,0.00152652,-0.699071,255.846
2,2.5,10.02,-0.0902728,0.0019531,-0.687499,255.962
2,2.5,10.05,-0.0840569,0.00177597,-0.670737,256.086
2,2.5,10.08,-0.0778768,0.0017143,-0.658386,256.191
2,2.5,10.11,-0.0707326,0.00178279,-0.653007,256.276
2,2.5,10.14,-0.0624154,0.00170409,-0.644125,256.361
2,2.5,10.17,-0.0576729,0.00115221,-0.633872,256.453
2,2.5,10.2,-0.0543007,0.000668713,-0.626647,256.54
2,2.5,10.23,-0.0505376,0.000308612,-0.622223,256.625
2,2.5,10.26,-0.0440795,9.55699e-05,-0.622013,256.715
2,2.5,10.29,-0.0392731,0.000555856,-0.617476,256.818
2,2.5,10.32,-0.0353201,0.000849999,-0.61675,256.906
2,2.5,10.35,-0.0310551,0.00117538,-0.611919,256.997
2,2.5,10.38,-0.0276016,0.00133283,-0.609232,257.085
2,2.5,10.41,-0.0251328,0.00143366,-0.609315,257.173
2,2.5,10.44,-0.0230768,0.00190307,-0.606486,257.267
2,2.5,10.47,-0.0199572,0.0023025,-0.602469,257.367
2,2.5,10.5,-0.0166487,0.00253471,-0.602605,257.47
2,2.5,10.53,-0.0148012,0.00291992,-0.600804,257.562
2,2.5,10.56,-0.0126922,0.00337144,-0.600188,257.654
2,2.5,10.59,-0.0102538,0.00384869,-0.59923,257.748
2,2.5,10.62,-0.00863924,0.00424569,-0.600717,257.844
2,2.5,10.65,-0.00714835,0.00478556,-0.606164,257.945
2,2.5,10.68,-0.00563532,0.00530653,-0.60978,258.047
2,2.5,10.71,-0.00473321,0.00611364,-0.608244,258.149
2,2.5,10.74,-0.00394685,0.00716113,-0.604234,258.248
2,2.5,10.77,-0.00314636,0.00822748,-0.60014,258.348
2,2.5,10.8,-0.00246114,0.00928297,-0.598535,258.445
2,2.5,10.83,-0.00184844,0.0104173,-0.59899,258.538
2,2.5,10.86,-0.00121718,0.0115537,-0.599389,258.633
2,2.5,10.89,-0.000749849,0.0127544,-0.59549,258.711
2,2.5,10.92,-0.000193178,0.0139986,-0.595301,258.8
2,2.5,10.95,0.000318133,0.0157651,-0.596852,258.91
2,2.5,10.98,0.00057909,0.0178618,-0.596483,259.03
2,2.5,11.01,0.000607639,0.0193367,-0.593651,259.124
2,2.5,11.04,0.000664983,0.0209879,-0.591645,259.213
2,2.5,11.07,0.000782695,0.0231073,-0.590347,259.321
2,2.5,11.1,0.000918429,0.025273,-0.590833,259.437
2,2.5,11.13,0.0011625,0.0275227,-0.590991,259.552
2,2.5,11.16,0.00141386,0.030149,-0.58887,259.649
2,2.5,11.19,0.0013669,0.0323687,-0.584377,259.739
2,2.5,11.22,0.0011957,0.0340599,-0.577223,259.826
2,2.5,11.25,0.00101297,0.0356537,-0.569895,259.911
2,2.5,11.28,0.000850919,0.0364914,-0.5684,260.01
2,2.5,11.31,0.000664685,0.0376318,-0.566002,260.105
2,2.5,11.34,0.00055566,0.0391973,-0.560436,260.194
2,2.5,11.37,0.000426051,0.0409337,-0.551593,260.298
2,2.5,11.4,0.000263111,0.0421431,-0.539032,260.395
2,2.5,11.43,0.000183822,0.0432526,-0.531724,260.483
2,2.5,11.46,0.000218185,0.0443439,-0.529564,260.562
2,2.5,11.49,0.00028006,0.0455151,-0.527224,260.641
2,2.5,11.52,0.000237179,0.0450695,-0.520378,260.723
2,2.5,11.55,-0.00019686,0.0452682,-0.509101,260.802
2,2.5,11.58,-0.000570158,0.0447491,-0.494725,260.889
2,2.5,11.61,-0.000831972,0.0442819,-0.482098,260.973
2,2.5,11.64,-0.000752079,0.0436787,-0.475044,261.048
2,2.5,11.67,-0.000984068,0.0421221,-0.466352,261.119
2,2.5,11.7,-0.000968885,0.0422448,-0.454199,261.196
2,2.5,11.73,-0.00101515,0.0416734,-0.43883,261.269
2,2.5,11.76,-0.000731727,0.0401529,-0.433133,261.337
2,2.5,11.79,-0.000634391,0.0380924,-0.426849,261.409
2,2.5,11.82,-0.000565098,0.0358636,-0.418383,261.482
2,2.5,11.85,-0.000685062,0.0321435,-0.409706,261.546
2,2.5,11.88,-0.000555549,0.0308083,-0.399034,261.607
2,2.5,11.91,-0.000365358,0.0297869,-0.388048,261.673
2,2.5,11.94,-0.000231721,0.0289535,-0.376369,261.74
2,2.5,11.97,-0.000147942,0.0267606,-0.367118,261.799
2,2.5,12,-0.000439808,0.0249024,-0.360539,261.854
2,2.5,12.03,-0.00070843,0.0229988,-0.354169,261.909
2,2.5,12.06,-0.000871717,0.021032,-0.348741,261.963
2,2.5,12.09,-0.000904867,0.0193358,-0.344624,262.011
2,2.5,12.12,-0.000980321,0.0180242,-0.340621,262.059
2,2.5,12.15,-0.0011044,0.0170127,-0.336731,262.106
2,2.5,12.18,-0.00112421,0.014827,-0.333103,262.151
2,2.5,12.21,-0.00121342,0.0128186,-0.329854,262.199
2,2.5,12.24,-0.00128494,0.0110025,-0.326947,262.251
2,2.5,12.27,-0.00132387,0.00938102,-0.324416,262.307
2,2.5,12.3,-0.00134145,0.00798262,-0.322378,262.36
2,2.5,12.33,-0.00126883,0.00713775,-0.322014,262.402
2,2.5,12.36,-0.00119679,0.00629982,-0.321671,262.443
2,2.5,12.39,-0.00112582,0.00547482,-0.321366,262.484
2,2.5,12.42,-0.00105738,0.00468011,-0.321149,262.525
2,2.5,12.45,-0.00116187,0.00284573,-0.319836,262.569
2,2.5,12.48,-0.0014568,0.00206584,-0.318652,262.618
2,2.5,12.51,-0.00172744,0.00151155,-0.31648,262.666
2,2.5,12.54,-0.00192142,0.00108451,-0.313056,262.712
2,2.5,12.57,-0.00213041,0.000672453,-0.310262,262.76
2,2.5,12.6,-0.00250111,0.000394098,-0.313808,262.815
2,2.5,12.63,-0.00286147,-9.75936e-05,-0.313613,262.87
2,2.5,12.66,-0.00327891,-0.000599666,-0.313258,262.922
2,2.5,12.69,-0.00364233,-0.00103448,-0.312553,262.972
2,2.5,12.72,-0.00396315,-0.00145625,-0.310969,263.022
2,2.5,12.75,-0.00434089,-0.00187688,-0.309649,263.075
2,2.5,12.78,-0.00482967,-0.0022673,-0.312936,263.122
2,2.5,12.81,-0.00534488,-0.00265541,-0.316241,263.171
2,2.5,12.84,-0.00577463,-0.00271741,-0.315329,263.22
2,2.5,12.87,-0.00621655,-0.00254574,-0.313129,263.269
2,2.5,12.9,-0.00663198,-0.00235091,-0.310396,263.317
2,2.5,12.93,-0.00704577,-0.00220612,-0.308956,263.366
2,2.5,12.96,-0.00765061,-0.00200224,-0.307523,263.419
2,2.5,12.99,-0.00843676,-0.00181688,-0.307195,263.478
2,2.5,13.02,-0.00935657,-0.00162348,-0.307164,263.532
2,2.5,13.05,-0.0102569,-0.00138,-0.308257,263.582
2,2.5,13.08,-0.0111887,-0.00115348,-0.310478,263.633
2,2.5,13.11,-0.0122924,-0.000929997,-0.310775,263.683
2,2.5,13.14,-0.0136224,-0.00073475,-0.310063,263.735
2,2.5,13.17,-0.014658,-0.000594181,-0.308558,263.781
2,2.5,13.2,-0.0156116,-0.000467076,-0.306781,263.825
2,2.5,13.23,-0.0165931,-0.000342205,-0.304335,263.873
2,2.5,13.26,-0.01747,-0.000249731,-0.303125,263.916
2,2.5,13.29,-0.0184072,-0.00016162,-0.301627,263.96
2,2.5,13.32,-0.0193272,-7.42748e-05,-0.300112,264.003
2,2.5,13.35,-0.020233,6.16383e-06,-0.298567,264.046
2,2.5,13.38,-0.0213356,-3.00735e-05,-0.295401,264.107
2,2.5,13.41,-0.0230711,-0.000111053,-0.290929,264.183
2,2.5,13.44,-0.0234726,-4.67418e-05,-0.288283,264.228
2,2.5,13.47,-0.0236643,4.10674e-05,-0.2859,264.268
2,2.5,13.5,-0.0238299,0.000121774,-0.28272,264.317
2,2.5,13.53,-0.0238907,0.000135154,-0.278739,264.372
2,2.5,13.56,-0.0238179,0.000114579,-0.275152,264.419
2,2.5,13.59,-0.0244189,0.000184545,-0.271871,264.462
2,2.5,13.62,-0.0249562,0.000241,-0.268236,264.504
2,2.5,13.65,-0.0245201,0.00026008,-0.263224,264.543
2,2.5,13.68,-0.0243561,0.000279013,-0.259692,264.583
2,2.5,13.71,-0.024182,0.000297962,-0.256198,264.623
2,2.5,13.74,-0.0239894,0.000316942,-0.252774,264.663
2,2.5,13.77,-0.0245709,0.000312468,-0.248175,264.708
2,2.5,13.8,-0.0247825,0.000337067,-0.242746,264.756
2,2.5,13.83,-0.0238488,0.000382776,-0.23604,264.803
2,2.5,13.86,-0.0233581,0.000417335,-0.229534,264.844
2,2.5,13.89,-0.0222334,0.000502748,-0.226493,264.876
2,2.5,13.92,-0.0208092,0.000621287,-0.224254,264.906
2,2.5,13.95,-0.0199531,0.000598386,-0.219764,264.94
2,2.5,13.98,-0.0191175,0.000572114,-0.214295,264.973
2,2.5,14.01,-0.0180277,0.000564672,-0.208911,265.004
2,2.5,14.04,-0.0170587,0.000608809,-0.205765,265.033
2,2.5,14.07,-0.0161071,0.00065912,-0.203251,265.061
2,2.5,14.1,-0.0154965,0.000628287,-0.200049,265.089
2,2.5,14.13,-0.0144855,0.000609034,-0.197621,265.113
2,2.5,14.16,-0.0135823,0.000610654,-0.195581,265.136
2,2.5,14.19,-0.0129168,0.000642872,-0.19306,265.162
2,2.5,14.22,-0.0123523,0.000645369,-0.190637,265.186
2,2.5,14.25,-0.0114573,0.000562156,-0.188048,265.215
2,2.5,14.28,-0.0103778,0.000499638,-0.185065,265.245
2,2.5,14.31,-0.00940667,0.000491676,-0.1843,265.273
2,2.5,14.34,-0.00860182,0.000500926,-0.183628,265.299
2,2.5,14.37,-0.00793334,0.000534165,-0.182548,265.323
2,2.5,14.4,-0.00720726,0.000566231,-0.181542,265.347
2,2.5,14.43,-0.00607977,0.000600093,-0.180007,265.372
2,2.5,14.46,-0.00550934,0.000541675,-0.179901,265.4
2,2.5,14.49,-0.00496822,0.000521641,-0.179404,265.426
2,2.5,14.52,-0.00438719,0.000496952,-0.179139,265.452
2,2.5,14.55,-0.00372175,0.000458461,-0.179097,265.479
2,2.5,14.58,-0.00302478,0.000430839,-0.178839,265.505
2,2.5,14.61,-0.0024233,0.000509411,-0.178615,265.533
2,2.5,14.64,-0.00179545,0.000592813,-0.178864,265.561
2,2.5,14.67,-0.00117953,0.000675814,-0.179175,265.59
2,2.5,14.7,-0.000675225,0.000770237,-0.179312,265.618
2,2.5,14.73,-0.000370528,0.000945411,-0.178378,265.648
2,2.5,14.76,-0.000165661,0.00116996,-0.177315,265.676
2,2.5,14.79,4.45503e-05,0.0013952,-0.176316,265.703
2,2.5,14.82,0.000311443,0.00161585,-0.17736,265.732
2,2.5,14.85,0.000589749,0.00183768,-0.178996,265.76
2,2.5,14.88,0.00074858,0.00209249,-0.17893,265.787
2,2.5,14.91,0.000865734,0.00234248,-0.178372,265.813
2,2.5,14.94,0.000901525,0.0025697,-0.1768,265.838
2,2.5,14.97,0.00102651,0.00300396,-0.178504,265.872
2,2.5,15,0.00111314,0.00347091,-0.179664,265.907
2,2.5,15.03,0.00105969,0.00393108,-0.179288,265.938
2,2.5,15.06,0.000937957,0.00433389,-0.178574,265.968
2,2.5,15.09,0.000839677,0.00471797,-0.177701,265.997
2,2.5,15.12,0.000761935,0.00510855,-0.177003,266.027
2,2.5,15.15,0.000716669,0.00558458,-0.176182,266.057
2,2.5,15.18,0.00068574,0.00616968,-0.175722,266.089
2,2.5,15.21,0.000643029,0.00686637,-0.176003,266.121
2,2.5,15.24,0.000627958,0.00749686,-0.175859,266.149
2,2.5,15.27,0.000647388,0.007946,-0.174514,266.178
2,2.5,15.3,0.000609646,0.00854069,-0.174156,266.206
2,2.5,15.33,0.000564637,0.00917249,-0.173786,266.236
2,2.5,15.36,0.000505074,0.0100914,-0.172258,266.267
2,2.5,15.39,0.000414221,0.0108544,-0.17088,266.296
2,2.5,15.42,0.000323187,0.0110837,-0.169749,266.319
2,2.5,15.45,0.000257709,0.0110372,-0.168307,266.344
2,2.5,15.48,0.000132701,0.011059,-0.167121,266.369
2,2.5,15.51,-4.81305e-06,0.0111329,-0.166035,266.395
2,2.5,15.54,-0.00018252,0.0114961,-0.164817,266.42
2,2.5,15.57,-0.000211875,0.011968,-0.162621,266.449
2,2.5,15.6,-0.000234055,0.0122826,-0.161149,266.478
2,2.5,15.63,-0.000288484,0.0124098,-0.160695,266.505
2,2.5,15.66,-0.000342542,0.012537,-0.160237,266.532
2,2.5,15.69,-0.000400281,0.0125834,-0.158766,266.56
2,2.5,15.72,-0.00041371,0.0127207,-0.155551,266.584
2,2.5,15.75,-0.000385457,0.0130127,-0.151346,266.609
2,2.5,15.78,-0.000358958,0.0132663,-0.147204,266.634
2,2.5,15.81,-0.000393266,0.013154,-0.145424,266.659
2,2.5,15.84,-0.000391927,0.012482,-0.143261,266.682
2,2.5,15.87,-0.000370399,0.0115925,-0.140437,266.705
2,2.5,15.9,-0.000344368,0.0111959,-0.137055,266.723
2,2.5,15.93,-0.000310008,0.0107974,-0.134034,266.741
2,2.5,15.96,-0.00028395,0.0104743,-0.132737,266.758
2,2.5,15.99,-0.000235119,0.0100101,-0.131264,266.776
2,2.5,16.02,-0.00026805,0.00891959,-0.1288,266.796
2,2.5,16.05,-0.000242794,0.00811533,-0.12679,266.814
2,2.5,16.08,-0.000213192,0.00677038,-0.123577,266.835
2,2.5,16.11,-0.000191304,0.00627944,-0.121708,266.853
2,2.5,16.14,-0.000195598,0.00632441,-0.120275,266.87
2,2.5,16.17,-0.000241936,0.00590782,-0.118699,266.886
2,2.5,16.2,-0.000280494,0.00536111,-0.117155,266.902
2,2.5,16.23,-0.000326274,0.00473392,-0.115675,266.918
2,2.5,16.26,-0.000457578,0.0043193,-0.114475,266.934
2,2.5,16.29,-0.000576734,0.00384414,-0.113339,266.949
2,2.5,16.32,-0.000559354,0.00325595,-0.112404,266.964
2,2.5,16.35,-0.00052379,0.00271709,-0.111662,266.979
2,2.5,16.38,-0.000507942,0.00245671,-0.110972,266.996
2,2.5,16.41,-0.000513538,0.00243054,-0.110233,267.015
2,2.5,16.44,-0.000516532,0.00228401,-0.109354,267.031
2,2.5,16.47,-0.000473434,0.00203594,-0.109582,267.047
2,2.5,16.5,-0.000423472,0.00182836,-0.110071,267.065
2,2.5,16.53,-0.000375755,0.00147002,-0.110091,267.082
2,2.5,16.56,-0.000337065,0.00111693,-0.110251,267.097
2,2.5,16.59,-0.000298795,0.000766711,-0.110417,267.113
2,2.5,16.62,-0.000287793,0.000362561,-0.110047,267.13
2,2.5,16.65,-0.000294936,0.000236421,-0.109458,267.146
2,2.5,16.68,-0.000303516,0.000115222,-0.10873,267.163
2,2.5,16.71,-0.000314086,-1.62339e-06,-0.10787,267.179
2,2.5,16.74,-0.000325434,-0.000116862,-0.106961,267.196
2,2.5,16.77,-0.000350061,-0.000235529,-0.107891,267.215
2,2.5,16.8,-0.000416543,-0.000334044,-0.108385,267.237
2,2.5,16.83,-0.000526224,-0.000421376,-0.108229,267.258
2,2.5,16.86,-0.000697957,-0.000511963,-0.107284,267.275
2,2.5,16.89,-0.000850111,-0.000588532,-0.106614,267.292
2,2.5,16.92,-0.000962673,-0.000624994,-0.107672,267.309
2,2.5,16.95,-0.0010753,-0.000661495,-0.108728,267.325
2,2.5,16.98,-0.00118811,-0.000698116,-0.109779,267.342
2,2.5,17.01,-0.00130857,-0.000735152,-0.110343,267.359
2,2.5,17.04,-0.00149706,-0.000683641,-0.110173,267.376
2,2.5,17.07,-0.00167965,-0.000623364,-0.109461,267.393
2,2.5,17.1,-0.00185519,-0.000563724,-0.108746,267.41
2,2.5,17.13,-0.00202909,-0.000504236,-0.108029,267.426
2,2.5,17.16,-0.00220237,-0.000444801,-0.107312,267.443
2,2.5,17.19,-0.00248269,-0.000382984,-0.107843,267.46
2,2.5,17.22,-0.00277583,-0.000318265,-0.108375,267.478
2,2.5,17.25,-0.00288929,-0.000254566,-0.108204,267.495
2,2.5,17.28,-0.00296809,-0.000194668,-0.107811,267.509
2,2.5,17.31,-0.00320868,-0.000166605,-0.107443,267.528
2,2.5,17.34,-0.00334353,-0.000174754,-0.107295,267.548
2,2.5,17.37,-0.00364164,-0.000171987,-0.106269,267.566
2,2.5,17.4,-0.00391433,-0.000173368,-0.105737,267.584
2,2.5,17.43,-0.0041995,-0.000165795,-0.105691,267.601
2,2.5,17.46,-0.00457542,-0.00012235,-0.104992,267.62
2,2.5,17.49,-0.00467269,-9.81925e-05,-0.104583,267.638
2,2.5,17.52,-0.00480639,-7.64853e-05,-0.103628,267.656
2,2.5,17.55,-0.00499921,-4.32079e-05,-0.10298,267.673
2,2.5,17.58,-0.00503128,-1.85201e-05,-0.102681,267.688
2,2.5,17.61,-0.00497006,-2.63465e-05,-0.101554,267.703
2,2.5,17.64,-0.00490251,-3.6169e-05,-0.100415,267.717
2,2.5,17.67,-0.0049093,-5.51444e-05,-0.099757,267.735
2,2.5,17.7,-0.00501732,-8.29596e-05,-0.099015,267.757
2,2.5,17.73,-0.00507956,-0.000108383,-0.0979279,267.771
2,2.5,17.76,-0.00496717,-0.000137564,-0.0967013,267.786
2,2.5,17.79,-0.0048138,-0.000131702,-0.094622,267.802
2,2.5,17.82,-0.00453928,-0.000129166,-0.0941509,267.815
2,2.5,17.85,-0.00425762,-0.000119259,-0.0934917,267.827
2,2.5,17.88,-0.00401,-0.0001149,-0.0923353,267.84
2,2.5,17.91,-0.00351109,-9.57353e-05,-0.0908656,267.854
2,2.5,17.94,-0.00308075,-5.93527e-05,-0.089106,267.869
2,2.5,17.97,-0.00262518,-1.91471e-05,-0.0871363,267.884
2,2.5,18,-0.00215681,-2.45508e-05,-0.0859526,267.898
2,2.5,18.03,-0.00151767,-4.06837e-05,-0.0846941,267.912
2,2.5,18.06,-0.000941244,-6.10823e-05,-0.0832326,267.925
2,2.5,18.09,-0.00076064,-2.34298e-05,-0.082337,267.938
2,2.5,18.12,-0.00064753,3.27743e-05,-0.0816988,267.95
2,2.5,18.15,-0.000577308,9.03209e-05,-0.0805863,267.961
2,2.5,18.18,-0.000301775,9.26036e-05,-0.0795442,267.971
2,2.5,18.21,0.000150809,6.67552e-05,-0.0781245,267.98
2,2.5,18.24,0.00050625,3.81676e-05,-0.0763395,267.989
2,2.5,18.27,0.000743101,2.40702e-05,-0.0760492,267.999
2,2.5,18.3,0.000937828,1.52746e-05,-0.076313,268.01
2,2.5,18.33,0.00119595,1.24344e-05,-0.0761634,268.02
2,2.5,18.36,0.00126137,1.66033e-05,-0.075422,268.032
2,2.5,18.39,0.0013021,2.97502e-05,-0.0746612,268.043
2,2.5,18.42,0.00134327,4.2566e-05,-0.0738995,268.054
2,2.5,18.45,0.00138458,5.52689e-05,-0.0731374,268.065
2,2.5,18.48,0.00165459,0.000107528,-0.0730363,268.077
2,2.5,18.51,0.00175199,0.000131309,-0.0722491,268.089
2,2.5,18.54,0.00181499,0.000142292,-0.071912,268.1
2,2.5,18.57,0.00191787,0.000149153,-0.0719829,268.111
2,2.5,18.6,0.00209776,0.000159819,-0.0722635,268.122
2,2.5,18.63,0.0021629,0.000162693,-0.0718597,268.132
2,2.5,18.66,0.00217383,0.000170815,-0.0715881,268.143
2,2.5,18.69,0.00220517,0.000187663,-0.0716728,268.153
2,2.5,18.72,0.00221942,0.00021804,-0.0719219,268.164
2,2.5,18.75,0.00214935,0.000256841,-0.0718118,268.176
2,2.5,18.78,0.00208628,0.000302325,-0.0717652,268.188
2,2.5,18.81,0.00198262,0.000364178,-0.0718909,268.2
2,2.5,18.84,0.00187724,0.0004341,-0.0721521,268.211
2,2.5,18.87,0.00177489,0.00051054,-0.0725051,268.223
2,2.5,18.9,0.00166906,0.000600389,-0.0729652,268.235
2,2.5,18.93,0.00149991,0.000679799,-0.0729154,268.247
2,2.5,18.96,0.00126246,0.000773887,-0.0723918,268.26
2,2.5,18.99,0.00105838,0.000882066,-0.072452,268.272
2,2.5,19.02,0.000879135,0.00100182,-0.072964,268.283
2,2.5,19.05,0.000706274,0.00112024,-0.0734215,268.294
2,2.5,19.08,0.000618251,0.00126482,-0.0729305,268.306
2,2.5,19.11,0.000553307,0.00141477,-0.0725067,268.317
2,2.5,19.14,0.000489267,0.00156993,-0.0721128,268.327
2,2.5,19.17,0.000434735,0.00173677,-0.0718421,268.338
2,2.5,19.2,0.000396913,0.00195228,-0.0718862,268.348
2,2.5,19.23,0.000363767,0.00222656,-0.0719406,268.36
2,2.5,19.26,0.000346372,0.00254725,-0.0721643,268.372
2,2.5,19.29,0.000341037,0.00290295,-0.0725212,268.385
2,2.5,19.32,0.000335047,0.00325471,-0.0728886,268.397
2,2.5,19.35,0.00031006,0.00353705,-0.0726132,268.41
2,2.5,19.38,0.000269734,0.00385801,-0.0721464,268.421
2,2.5,19.41,0.000219386,0.00416162,-0.071319,268.433
2,2.5,19.44,0.000174125,0.00452416,-0.0709796,268.445
2,2.5,19.47,0.00013334,0.00505893,-0.0707227,268.459
2,2.5,19.5,9.08388e-05,0.00560537,-0.0703112,268.473
2,2.5,19.53,5.35484e-05,0.00619846,-0.0702063,268.484
2,2.5,19.56,1.97899e-05,0.00681178,-0.0701378,268.495
2,2.5,19.59,-2.90719e-05,0.00737158,-0.0696819,268.507
2,2.5,19.62,-6.37814e-05,0.00784417,-0.0694326,268.517
2,2.5,19.65,-9.72333e-05,0.00830624,-0.0690394,268.528
2,2.5,19.68,-0.000125933,0.0087056,-0.0686361,268.537
2,2.5,19.71,-0.000129834,0.00919971,-0.0679045,268.549
2,2.5,19.74,-0.000145166,0.00980334,-0.0665331,268.56
2,2.5,19.77,-0.00016051,0.0104035,-0.0651631,268.572
2,2.5,19.8,-0.00014528,0.0108971,-0.064571,268.582
2,2.5,19.83,-0.000112367,0.0113292,-0.0644286,268.59
2,2.5,19.86,-7.94184e-05,0.0117578,-0.0642888,268.599
2,2.5,19.89,-9.27225e-05,0.0121412,-0.0632088,268.609
2,2.5,19.92,-0.000122553,0.0125091,-0.0614832,268.621
2,2.5,19.95,-0.000152349,0.0128765,-0.0597566,268.632
2,2.5,19.98,-0.000173997,0.0131464,-0.0588324,268.642
2,2.5,20.01,-0.000186374,0.0132649,-0.0581438,268.65
2,2.5,20.04,-0.000215016,0.0134782,-0.0572133,268.658
2,2.5,20.07,-0.000220517,0.013623,-0.0556385,268.666
2,2.5,20.1,-0.000222731,0.0136336,-0.0545178,268.675
2,2.5,20.13,-0.000218326,0.0136835,-0.0540678,268.683
2,2.5,20.16,-0.000203178,0.0136589,-0.0533474,268.691
2,2.5,20.19,-0.000221376,0.0132764,-0.0522563,268.699
2,2.5,20.22,-0.000245904,0.0130169,-0.0515539,268.706
2,2.5,20.25,-0.000288405,0.0128003,-0.0506211,268.714
2,2.5,20.28,-0.000339384,0.0126358,-0.0494569,268.722
2,2.5,20.31,-0.000351635,0.0123923,-0.0489826,268.729
2,2.5,20.34,-0.000368254,0.0119834,-0.0481118,268.736
2,2.5,20.37,-0.000356827,0.011365,-0.0474687,268.742
2,2.5,20.4,-0.000359875,0.0108385,-0.0467896,268.749
2,2.5,20.43,-0.000362821,0.0103555,-0.0461603,268.756
2,2.5,20.46,-0.000362657,0.00987511,-0.0455328,268.762
2,2.5,20.49,-0.000344398,0.00941277,-0.0449666,268.769
2,2.5,20.52,-0.000318244,0.0089113,-0.0445221,268.775
2,2.5,20.55,-0.000292758,0.00842117,-0.044087,268.781
2,2.5,20.58,-0.00026846,0.00794546,-0.0436602,268.788
2,2.5,20.61,-0.000246199,0.00750398,-0.0434539,268.795
2,2.5,20.64,-0.000226338,0.00708259,-0.0432532,268.802
2,2.5,20.67,-0.000194642,0.00671233,-0.0429089,268.809
2,2.5,20.7,-0.000174351,0.00618769,-0.0431016,268.816
2,2.5,20.73,-0.000151838,0.00565877,-0.0432776,268.823
2,2.5,20.76,-0.000118382,0.00511077,-0.0433276,268.83
2,2.5,20.79,-9.81154e-05,0.00448873,-0.0431388,268.836
2,2.5,20.82,-9.23157e-05,0.00408046,-0.0432211,268.842
2,2.5,20.85,-0.000108081,0.00369101,-0.04285,268.849
2,2.5,20.88,-0.000125763,0.00330632,-0.0424823,268.855
2,2.5,20.91,-0.000142624,0.00292151,-0.0420296,268.862
2,2.5,20.94,-0.000158209,0.00258309,-0.042086,268.868
2,2.5,20.97,-0.000171832,0.00225732,-0.0423428,268.876
2,2.5,21,-0.000196065,0.00193522,-0.0422715,268.884
2,2.5,21.03,-0.000220671,0.0016585,-0.0420214,268.89
2,2.5,21.06,-0.000249219,0.00139967,-0.0416463,268.896
2,2.5,21.09,-0.00027146,0.00120954,-0.0420217,268.903
2,2.5,21.12,-0.000293553,0.00102166,-0.0424176,268.91
2,2.5,21.15,-0.000315731,0.000834557,-0.042811,268.916
2,2.5,21.18,-0.0003322,0.000647805,-0.042898,268.923
2,2.5,21.21,-0.000329852,0.000546926,-0.0425968,268.929
2,2.5,21.24,-0.000340709,0.000446734,-0.0422916,268.936
2,2.5,21.27,-0.000352057,0.000346161,-0.0419916,268.942
2,2.5,21.3,-0.000368289,0.000244214,-0.0417545,268.948
2,2.5,21.33,-0.000379706,0.000115127,-0.0419482,268.956
2,2.5,21.36,-0.000454271,5.96168e-05,-0.0418606,268.963
2,2.5,21.39,-0.000524914,1.06705e-05,-0.0416885,268.971
2,2.5,21.42,-0.000595075,-2.73064e-05,-0.0415129,268.978
2,2.5,21.45,-0.00066767,-6.56716e-05,-0.0418906,268.985
2,2.5,21.48,-0.000684453,-8.35104e-05,-0.0418244,268.991
2,2.5,21.51,-0.000698603,-0.000104276,-0.0417553,268.997
2,2.5,21.54,-0.000722505,-0.000121418,-0.0414952,269.004
2,2.5,21.57,-0.000740681,-0.000139384,-0.0412052,269.011
2,2.5,21.6,-0.000690758,-0.000154806,-0.0412541,269.018
2,2.5,21.63,-0.000663746,-0.000163156,-0.0412134,269.024
2,2.5,21.66,-0.000710556,-0.000165607,-0.0410151,269.031
2,2.5,21.69,-0.000583421,-0.000158236,-0.0407296,269.036
2,2.5,21.72,-0.00047543,-0.000151321,-0.040356,269.043
2,2.5,21.75,-0.000397837,-0.000144448,-0.0400703,269.051
2,2.5,21.78,-0.000339523,-0.000140625,-0.0396429,269.058
2,2.5,21.81,-0.000178916,-0.000144145,-0.0393957,269.064
2,2.5,21.84,-2.66324e-05,-0.00014869,-0.0391522,269.07
2,2.5,21.87,0.000182089,-0.000152092,-0.0388046,269.077
2,2.5,21.9,0.000418283,-0.000146644,-0.0383518,269.083
2,2.5,21.93,0.000614136,-0.000145539,-0.037854,269.09
2,2.5,21.96,0.000797158,-0.000152113,-0.037482,269.095
2,2.5,21.99,0.000978049,-0.000159251,-0.0372717,269.1
2,2.5,22.02,0.00113976,-0.000159752,-0.0369139,269.105
2,2.5,22.05,0.00128032,-0.000162913,-0.0365069,269.111
2,2.5,22.08,0.00152336,-0.000146668,-0.0358235,269.116
2,2.5,22.11,0.00177127,-0.000128448,-0.0350675,269.121
2,2.5,22.14,0.00201862,-0.000111129,-0.034313,269.127
2,2.5,22.17,0.00223004,-9.39417e-05,-0.0338446,269.132
2,2.5,22.2,0.00250125,-0.000102269,-0.033313,269.137
2,2.5,22.23,0.00277722,-0.000109416,-0.0327822,269.142
2,2.5,22.26,0.00299298,-0.000133935,-0.0323132,269.147
2,2.5,22.29,0.00322213,-0.000159369,-0.0319781,269.151
2,2.5,22.32,0.00344913,-0.000187445,-0.0316147,269.156
2,2.5,22.35,0.00354845,-0.000182902,-0.0311459,269.161
2,2.5,22.38,0.00354026,-0.000170339,-0.0305598,269.165
2,2.5,22.41,0.00353008,-0.000157856,-0.0299721,269.169
2,2.5,22.44,0.00361456,-0.000173427,-0.0297181,269.175
2,2.5,22.47,0.00358654,-0.000186194,-0.0293917,269.179
2,2.5,22.5,0.00357389,-0.000171483,-0.0291261,269.183
2,2.5,22.53,0.00357214,-0.000169015,-0.0287525,269.187
2,2.5,22.56,0.00350534,-0.000165163,-0.0283349,269.191
2,2.5,22.59,0.00344962,-0.000151157,-0.0282487,269.196
2,2.5,22.62,0.00336165,-0.0001374,-0.0282146,269.2
2,2.5,22.65,0.00320728,-0.000121074,-0.0281085,269.204
2,2.5,22.68,0.00309621,-0.000107139,-0.0279954,269.207
2,2.5,22.71,0.00298561,-8.39885e-05,-0.0278571,269.212
2,2.5,22.74,0.00287651,-5.65047e-05,-0.0276995,269.216
2,2.5,22.77,0.00276238,-3.39085e-05,-0.0276,269.221
2,2.5,22.8,0.00263259,-2.22558e-05,-0.0276592,269.225
2,2.5,22.83,0.00250205,-6.02459e-06,-0.027651,269.229
2,2.5,22.86,0.00237883,1.80085e-05,-0.0275718,269.233
2,2.5,22.89,0.00222635,4.50603e-05,-0.0276333,269.237
2,2.5,22.92,0.00210928,7.94792e-05,-0.027703,269.241
2,2.5,22.95,0.00200158,0.000112836,-0.0277669,269.244
2,2.5,22.98,0.00183909,0.000151491,-0.0276799,269.248
2,2.5,23.01,0.00169865,0.000186197,-0.0276756,269.253
2,2.5,23.04,0.00155893,0.000242449,-0.027606,269.257
2,2.5,23.07,0.00142558,0.000318089,-0.0275726,269.261
2,2.5,23.1,0.00129418,0.000401857,-0.0275702,269.266
2,2.5,23.13,0.00115281,0.000491725,-0.0275915,269.272
2,2.5,23.16,0.00104221,0.000566467,-0.0275881,269.276
2,2.5,23.19,0.000934319,0.000638416,-0.027632,269.28
2,2.5,23.22,0.000832407,0.000760939,-0.0276724,269.284
2,2.5,23.25,0.000756768,0.000930393,-0.0276592,269.289
2,2.5,23.28,0.000714268,0.00107147,-0.0274596,269.294
2,2.5,23.31,0.000676402,0.0012466,-0.0275711,269.298
2,2.5,23.34,0.00064074,0.00145764,-0.0279466,269.302
2,2.5,23.37,0.000604608,0.00167057,-0.0283302,269.307
2,2.5,23.4,0.000547512,0.00190989,-0.0280361,269.311
2,2.5,23.43,0.000487187,0.00215434,-0.0276276,269.316
2,2.5,23.46,0.000430007,0.00242302,-0.0274055,269.321
2,2.5,23.49,0.000379512,0.00274301,-0.0275781,269.326
2,2.5,23.52,0.000318709,0.00310294,-0.0275143,269.331
2,2.5,23.55,0.000264052,0.00344003,-0.0274102,269.336
2,2.5,23.58,0.000202606,0.00371441,-0.0269159,269.34
2,2.5,23.61,0.000151039,0.0040759,-0.0266762,269.345
2,2.5,23.64,0.000103889,0.00463451,-0.0270593,269.349
2,2.5,23.67,6.80703e-05,0.00517561,-0.0273472,269.353
2,2.5,23.7,4.07543e-05,0.00565135,-0.027149,269.358
2,2.5,23.73,1.09163e-05,0.00615005,-0.0267108,269.362
2,2.5,23.76,-1.90557e-05,0.00663696,-0.0261765,269.366
2,2.5,23.79,-4.82519e-05,0.00715916,-0.0257008,269.371
2,2.5,23.82,-6.18763e-05,0.00791918,-0.0255294,269.376
2,2.5,23.85,-5.88592e-05,0.00854942,-0.0250279,269.38
2,2.5,23.88,-5.93419e-05,0.00923177,-0.0245963,269.385
2,2.5,23.91,-5.65287e-05,0.00992226,-0.0241591,269.389
2,2.5,23.94,-2.51878e-05,0.0104438,-0.0234922,269.393
2,2.5,23.97,-1.58037e-05,0.0111039,-0.0230683,269.397
2,2.5,24,-2.07349e-06,0.0117648,-0.0225889,269.401
2,2.5,24.03,3.22405e-05,0.0125348,-0.0220238,269.406
2,2.5,24.06,5.73698e-05,0.0132338,-0.0214485,269.41
2,2.5,24.09,5.38021e-05,0.0137449,-0.0208257,269.413
2,2.5,24.12,4.11251e-05,0.0142033,-0.0201574,269.416
2,2.5,24.15,2.05786e-05,0.0144944,-0.0193372,269.418
2,2.5,24.18,-4.79654e-06,0.0147794,-0.0185134,269.421
2,2.5,24.21,-3.017e-05,0.0150643,-0.0176895,269.423
2,2.5,24.24,-5.55451e-05,0.0153493,-0.0168657,269.426
2,2.5,24.27,-8.16006e-05,0.0156783,-0.0160156,269.429
2,2.5,24.3,-9.26902e-05,0.0159078,-0.0151911,269.431
2,2.5,24.33,-0.000103685,0.0160785,-0.0143403,269.434
2,2.5,24.36,-0.000125377,0.0161741,-0.0136001,269.436
2,2.5,24.39,-0.00015571,0.0161562,-0.0129167,269.437
2,2.5,24.42,-0.000188117,0.0160804,-0.0122278,269.439
2,2.5,24.45,-0.000209857,0.0160246,-0.0114315,269.44
2,2.5,24.48,-0.000226365,0.0156578,-0.0103532,269.442
2,2.5,24.51,-0.000211775,0.0154452,-0.0093954,269.443
2,2.5,24.54,-0.000240972,0.0152339,-0.00884877,269.444
2,2.5,24.57,-0.000264031,0.0150066,-0.00830189,269.445
2,2.5,24.6,-0.000280737,0.0147627,-0.00775467,269.446
2,2.5,24.63,-0.000282095,0.0144894,-0.00711849,269.447
2,2.5,24.66,-0.000261432,0.0136644,-0.00637298,269.448
2,2.5,24.69,-0.000240078,0.0128774,-0.00565293,269.449
2,2.5,24.72,-0.000203718,0.012427,-0.00507588,269.45
2,2.5,24.75,-0.000161181,0.0120413,-0.00450026,269.451
2,2.5,24.78,-0.000144357,0.0113516,-0.00403821,269.452
2,2.5,24.81,-0.000142853,0.0104635,-0.00364152,269.452
2,2.5,24.84,-0.000134674,0.00957098,-0.0032458,269.451
2,2.5,24.87,-0.000150359,0.00905919,-0.00286085,269.452
2,2.5,24.9,-0.000154704,0.00857593,-0.00250286,269.452
2,2.5,24.93,-0.000159406,0.00809339,-0.00214472,269.452
2,2.5,24.96,-0.000164813,0.0076124,-0.00178635,269.452
2,2.5,24.99,-0.000155051,0.00700439,-0.00157273,269.452
2,2.5,25.02,-0.000140895,0.00644395,-0.00141293,269.452
2,2.5,25.05,-0.000127793,0.00591386,-0.00122417,269.452
2,2.5,25.08,-0.000114738,0.00538424,-0.00103547,269.452
2,2.5,25.11,-0.000101699,0.0048548,-0.00084679,269.452
2,2.5,25.14,-8.86687e-05,0.00432546,-0.000658134,269.452
2,2.5,25.17,-6.98934e-05,0.00381327,-0.000565216,269.452
2,2.5,25.2,-6.34165e-05,0.00348854,-0.000461838,269.452
2,2.5,25.23,-5.54889e-05,0.00314385,-0.000336502,269.452
2,2.5,25.26,-4.23145e-05,0.00278754,-0.000237061,269.452
2,2.5,25.29,-3.06539e-05,0.00245194,-0.000199762,269.452
2,2.5,25.32,-3.72172e-05,0.00219872,-0.00017691,269.451
2,2.5,25.35,-3.52223e-05,0.00192415,-0.000122643,269.451
2,2.5,25.38,-3.44588e-05,0.00173756,-8.66007e-05,269.451
2,2.5,25.41,-3.38404e-05,0.00154923,-5.10373e-05,269.451
2,2.5,25.44,-3.31929e-05,0.00135724,-1.78991e-05,269.451
2,2.5,25.47,-3.04117e-05,0.00116932,3.86191e-06,269.451
2,2.5,25.5,-2.35448e-05,0.000999281,8.61069e-06,269.451
2,2.5,25.53,-1.62236e-05,0.000825192,1.31781e-05,269.451
2,2.5,25.56,-8.58354e-06,0.000663211,2.17751e-05,269.451
2,2.5,25.59,-3.67864e-06,0.000563738,2.2651e-05,269.451
2,2.5,25.62,-8.66071e-07,0.000477648,2.10364e-05,269.451
2,2.5,25.65,7.13109e-07,0.000394024,1.84357e-05,269.45
2,2.5,25.68,2.29544e-06,0.000330563,1.68534e-05,269.45
2,2.5,25.71,3.85496e-06,0.000269922,1.53324e-05,269.45
2,2.5,25.74,5.27453e-06,0.000218499,1.68679e-05,269.45
2,2.5,25.77,6.49462e-06,0.000178928,1.52406e-05,269.45
2,2.5,25.8,7.69882e-06,0.00013852,1.33784e-05,269.45
2,2.5,25.83,8.23919e-06,9.93152e-05,1.04146e-05,269.45
2,2.5,25.86,8.55135e-06,6.87234e-05,8.84379e-06,269.45
2,2.5,25.89,8.82726e-06,4.31779e-05,8.19552e-06,269.45
2,2.5,25.92,8.89965e-06,2.33146e-05,6.76787e-06,269.45
2,2.5,25.95,8.82142e-06,1.07861e-05,7.15404e-06,269.45
2,2.5,25.98,8.75462e-06,-1.61357e-06,7.58318e-06,269.45
2,2.5,26.01,8.6877e-06,-1.40128e-05,8.00824e-06,269.45
2,2.5,26.04,8.61652e-06,-2.66002e-05,7.51562e-06,269.45
2,2.5,26.07,8.19637e-06,-3.09224e-05,6.95035e-06,269.45
2,2.5,26.1,7.75646e-06,-3.37667e-05,5.85816e-06,269.45
2,2.5,26.13,7.25278e-06,-3.6587e-05,4.55843e-06,269.45
2,2.5,26.16,6.74907e-06,-3.94074e-05,3.25861e-06,269.45
2,2.5,26.19,6.29053e-06,-4.18832e-05,2.12868e-06,269.45
2,2.5,26.22,6.02201e-06,-4.29092e-05,1.71337e-06,269.45
2,2.5,26.25,5.75347e-06,-4.39353e-05,1.29804e-06,269.45
2,2.5,26.28,5.41756e-06,-4.48725e-05,7.66941e-07,269.45
2,2.5,26.31,5.117e-06,-4.55894e-05,2.62437e-08,269.45
2,2.5,26.34,4.57361e-06,-4.47654e-05,1.46068e-06,269.45
2,2.5,26.37,4.27918e-06,-4.32297e-05,1.8518e-06,269.45
2,2.5,26.4,4.01229e-06,-4.13986e-05,2.09697e-06,269.45
2,2.5,26.43,3.76062e-06,-3.93314e-05,2.11893e-06,269.45
2,2.5,26.46,3.50896e-06,-3.72644e-05,2.14088e-06,269.45
2,2.5,26.49,3.29246e-06,-3.51818e-05,2.59605e-06,269.45
2,2.5,26.52,3.04637e-06,-3.31902e-05,2.01592e-06,269.45
2,2.5,26.55,2.77423e-06,-3.12102e-05,1.60921e-06,269.45
2,2.5,26.58,2.50843e-06,-2.92544e-05,1.2087e-06,269.45
2,2.5,26.61,2.25036e-06,-2.73281e-05,8.15738e-07,269.45
2,2.5,26.64,2.00053e-06,-2.54192e-05,1.7576e-07,269.45
2,2.5,26.67,1.83269e-06,-2.38498e-05,1.09596e-07,269.45
2,2.5,26.7,1.67074e-06,-2.23491e-05,1.21998e-07,269.45
2,2.5,26.73,1.51089e-06,-2.086e-05,1.26616e-07,269.45
2,2.5,26.76,1.35099e-06,-1.93728e-05,1.30173e-07,269.45
2,2.5,26.79,1.17137e-06,-1.77278e-05,1.02377e-07,269.45
2,2.5,26.82,1.08217e-06,-1.66262e-05,2.7186e-07,269.45
2,2.5,26.85,9.81334e-07,-1.54071e-05,3.02886e-07,269.45
2,2.5,26.88,8.93842e-07,-1.41062e-05,2.79023e-07,269.45
2,2.5,26.91,8.05932e-07,-1.28021e-05,2.538e-07,269.45
2,2.5,26.94,7.24174e-07,-1.15936e-05,2.50647e-07,269.45
2,2.5,26.97,6.54917e-07,-1.0634e-05,3.04912e-07,269.45
2,2.5,27,5.6845e-07,-9.61768e-06,2.40205e-07,269.45
2,2.5,27.03,5.08423e-07,-8.6061e-06,6.55063e-08,269.45
2,2.5,27.06,4.62882e-07,-7.83263e-06,3.0507e-08,269.45
2,2.5,27.09,4.46007e-07,-7.2693e-06,-9.62364e-08,269.45
2,2.5,27.12,4.17753e-07,-6.61357e-06,-5.6198e-08,269.45
2,2.5,27.15,3.886e-07,-5.94922e-06,-3.13985e-09,269.45
2,2.5,27.18,3.45393e-07,-5.39411e-06,-3.27092e-10,269.45
2,2.5,27.21,2.94209e-07,-4.86698e-06,-4.04851e-09,269.45
2,2.5,27.24,2.32484e-07,-4.33618e-06,-6.31216e-09,269.45
2,2.5,27.27,1.89449e-07,-3.83058e-06,1.11447e-08,269.45
2,2.5,27.3,1.61162e-07,-3.40957e-06,7.28735e-09,269.45
2,2.5,27.33,1.332e-07,-3.00772e-06,-1.12663e-08,269.45
2,2.5,27.36,1.05148e-07,-2.60617e-06,-3.03908e-08,269.45
2,2.5,27.39,9.20916e-08,-2.31995e-06,-3.23984e-08,269.45
2,2.5,27.42,8.09998e-08,-2.03711e-06,-2.65756e-08,269.45
2,2.5,27.45,6.94799e-08,-1.80813e-06,-2.83932e-08,269.45
2,2.5,27.48,5.8731e-08,-1.61878e-06,-2.04513e-08,269.45
2,2.5,27.51,5.13705e-08,-1.46321e-06,-1.45067e-08,269.45
2,2.5,27.54,4.35554e-08,-1.30888e-06,-1.80522e-08,269.45
2,2.5,27.57,3.58096e-08,-1.15362e-06,-2.16311e-08,269.45
2,2.5,27.6,2.80944e-08,-9.97936e-07,-2.52254e-08,269.45
2,2.5,27.63,2.15681e-08,-8.8021e-07,-1.70881e-08,269.45
2,2.5,27.66,1.5148e-08,-7.65479e-07,-7.98943e-09,269.45
2,2.5,27.69,8.75508e-09,-6.50619e-07,1.15015e-09,269.45
2,2.5,27.72,4.65657e-09,-5.4582e-07,5.28683e-09,269.45
2,2.5,27.75,1.85132e-09,-4.63818e-07,-3.27513e-09,269.45
2,2.5,27.78,-4.53913e-11,-4.04018e-07,-8.10976e-09,269.45
2,2.5,27.81,-1.29997e-09,-3.59106e-07,-9.97818e-09,269.45
2,2.5,27.84,-2.24227e-09,-3.16222e-07,-9.73536e-09,269.45
2,2.5,27.87,-2.94917e-09,-2.74326e-07,-7.87433e-09,269.45
2,2.5,27.9,-3.66176e-09,-2.32091e-07,-6.00135e-09,269.45
2,2.5,27.93,-4.36301e-09,-1.93358e-07,-4.39175e-09,269.45
2,2.5,27.96,-5.03146e-09,-1.63202e-07,-3.41242e-09,269.45
2,2.5,27.99,-5.70003e-09,-1.33038e-07,-2.43284e-09,269.45
2,2.5,28.02,-6.3689e-09,-1.02856e-07,-1.45263e-09,269.45
2,2.5,28.05,-7.02816e-09,-7.1902e-08,-5.51064e-10,269.45
2,2.5,28.08,-6.82415e-09,-5.7054e-08,-7.86533e-10,269.45
2,2.5,28.11,-6.42418e-09,-4.52909e-08,-8.02092e-10,269.45
2,2.5,28.14,-6.02438e-09,-3.35246e-08,-8.17549e-10,269.45
2,2.5,28.17,-5.70148e-09,-2.22269e-08,-5.80364e-10,269.45
2,2.5,28.2,-5.65983e-09,-1.27247e-08,5.8642e-10,269.45
2,2.5,28.23,-5.41843e-09,-3.19945e-09,2.06092e-09,269.45
2,2.5,28.26,-5.17893e-09,4.10323e-09,2.4559e-09,269.45
2,2.5,28.29,-4.84019e-09,8.12731e-09,1.78819e-09,269.45
2,2.5,28.32,-4.45708e-09,1.19592e-08,1.01677e-09,269.45
2,2.5,28.35,-4.09585e-09,1.51805e-08,4.82651e-10,269.45
2,2.5,28.38,-3.79991e-09,1.6896e-08,8.07307e-10,269.45
2,2.5,28.41,-3.51321e-09,1.8551e-08,1.09603e-09,269.45
2,2.5,28.44,-3.21284e-09,1.9531e-08,1.52709e-09,269.45
2,2.5,28.47,-3.01729e-09,1.9796e-08,1.52045e-09,269.45
2,2.5,28.5,-2.82357e-09,2.00633e-08,1.50296e-09,269.45
2,2.5,28.53,-2.62977e-09,2.03305e-08,1.48617e-09,269.45
2,2.5,28.56,-2.43575e-09,2.05977e-08,1.4714e-09,269.45
2,2.5,28.59,-2.24007e-09,2.08626e-08,1.4737e-09,269.45
2,2.5,28.62,-2.05439e-09,2.04001e-08,1.65333e-09,269.45
2,2.5,28.65,-1.86043e-09,1.93627e-08,1.65903e-09,269.45
2,2.5,28.68,-1.66865e-09,1.83207e-08,1.65962e-09,269.45
2,2.5,28.71,-1.47689e-09,1.72788e-08,1.66021e-09,269.45
2,2.5,28.74,-1.28511e-09,1.62368e-08,1.6608e-09,269.45
2,2.5,28.77,-1.16419e-09,1.55078e-08,1.73945e-09,269.45
2,2.5,28.8,-1.06399e-09,1.48703e-08,1.84091e-09,269.45
2,2.5,28.83,-9.63778e-10,1.42327e-08,1.94238e-09,269.45
2,2.5,28.86,-8.63567e-10,1.35952e-08,2.04385e-09,269.45
2,2.5,28.89,-7.58457e-10,1.29099e-08,2.12774e-09,269.45
2,2.5,28.92,-6.99603e-10,1.20711e-08,2.03569e-09,269.45
2,2.5,28.95,-6.46864e-10,1.12138e-08,1.95697e-09,269.45
2,2.5,28.98,-5.94092e-10,1.03567e-08,1.87815e-09,269.45
2,2.5,29.01,-5.41306e-10,9.49958e-09,1.79929e-09,269.45
2,2.5,29.04,-4.60548e-10,8.59745e-09,1.68207e-09,269.45
2,2.5,29.07,-4.21638e-10,7.81639e-09,1.70924e-09,269.45
2,2.5,29.1,-3.71598e-10,7.14818e-09,1.64085e-09,269.45
2,2.5,29.13,-3.29446e-10,6.54209e-09,1.58642e-09,269.45
2,2.5,29.16,-2.96486e-10,6.03744e-09,1.5361e-09,269.45
2,2.5,29.19,-2.63886e-10,5.54473e-09,1.46177e-09,269.45
2,2.5,29.22,-2.40412e-10,5.14022e-09,1.37751e-09,269.45
2,2.5,29.25,-2.19249e-10,4.75727e-09,1.30136e-09,269.45
2,2.5,29.28,-1.96528e-10,4.36454e-09,1.31811e-09,269.45
2,2.5,29.31,-1.7333e-10,3.9677e-09,1.33999e-09,269.45
2,2.5,29.34,-1.55856e-10,3.62552e-09,1.26348e-09,269.45
2,2.5,29.37,-1.40956e-10,3.30774e-09,1.14408e-09,269.45
2,2.5,29.4,-1.27376e-10,3.00007e-09,1.04632e-09,269.45
2,2.5,29.43,-1.13024e-10,2.75052e-09,9.7942e-10,269.45
2,2.5,29.46,-1.00858e-10,2.52193e-09,9.30785e-10,269.45
2,2.5,29.49,-8.5884e-11,2.24039e-09,9.17344e-10,269.45
2,2.5,29.52,-7.52494e-11,1.97893e-09,8.70421e-10,269.45
2,2.5,29.55,-6.4047e-11,1.7662e-09,7.83486e-10,269.45
2,2.5,29.58,-5.22828e-11,1.59968e-09,6.95075e-10,269.45
2,2.5,29.61,-4.22064e-11,1.43154e-09,6.49544e-10,269.45
2,2.5,29.64,-3.27137e-11,1.27448e-09,6.06858e-10,269.45
2,2.5,29.67,-2.37125e-11,1.15496e-09,5.54022e-10,269.45
2,2.5,29.7,-1.66205e-11,1.01952e-09,5.02444e-10,269.45
2,2.5,29.73,-8.48481e-12,8.74501e-10,4.46736e-10,269.45
2,2.5,29.76,-9.1315e-12,7.42263e-10,3.67241e-10,269.45
2,2.5,29.79,-8.14004e-12,6.43361e-10,2.92928e-10,269.45
2,2.5,29.82,-7.07566e-12,5.38623e-10,2.3802e-10,269.45
2,2.5,29.85,-3.46165e-12,4.49835e-10,1.96739e-10,269.45
2,2.5,29.88,-8.36257e-14,3.82211e-10,1.5961e-10,269.45
2,2.5,29.91,2.78614e-12,2.93824e-10,1.16566e-10,269.45
2,2.5,29.94,5.66513e-12,2.05041e-10,7.33235e-11,269.45
2,2.5,29.97,7.13779e-12,9.81039e-11,2.97193e-11,269.45
2,2.5,30,3.49227e-25,4.79988e-24,1.45406e-24,269.45
