Points_0,Points_1,Points_2,U_0,U_1,U_2,U_Magnitude,p
0,0,0,0,0,0,0,-1361.46
0,0,0.03,4.91424e-12,2.66483e-11,1.04186e-10,1.07652e-10,-1361.46
0,0,0.06,5.80853e-12,3.46835e-11,1.83562e-10,1.86901e-10,-1361.46
0,0,0.09,7.48237e-12,4.42638e-11,2.57871e-10,2.6175e-10,-1361.46
0,0,0.12,1.08496e-11,5.33294e-11,3.28747e-10,3.33221e-10,-1361.46
0,0,0.15,1.38769e-11,6.06685e-11,3.98615e-10,4.03445e-10,-1361.46
0,0,0.18,1.45993e-11,6.6172e-11,4.81996e-10,4.86736e-10,-1361.46
0,0,0.21,1.57772e-11,7.35779e-11,5.64283e-10,5.69279e-10,-1361.46
0,0,0.24,1.9695e-11,7.73511e-11,6.59297e-10,6.64111e-10,-1361.46
0,0,0.27,2.22096e-11,8.09062e-11,7.60627e-10,7.6524e-10,-1361.46
0,0,0.3,2.35651e-11,8.37126e-11,8.5489e-10,8.59302e-10,-1361.46
0,0,0.33,2.23089e-11,8.51249e-11,9.48061e-10,9.52137e-10,-1361.46
0,0,0.36,1.86581e-11,8.67802e-11,1.04087e-09,1.04465e-09,-1361.46
0,0,0.39,1.50463e-11,8.88064e-11,1.12602e-09,1.12962e-09,-1361.46
0,0,0.42,1.42296e-11,9.451e-11,1.22215e-09,1.22588e-09,-1361.46
0,0,0.45,1.47213e-11,1.00167e-10,1.34528e-09,1.34908e-09,-1361.46
0,0,0.48,1.31397e-11,1.08066e-10,1.45232e-09,1.45639e-09,-1361.46
0,0,0.51,6.017e-12,1.08701e-10,1.54604e-09,1.54987e-09,-1361.46
0,0,0.54,-1.03536e-12,1.03594e-10,1.63456e-09,1.63784e-09,-1361.46
0,0,0.57,-1.09773e-11,1.03698e-10,1.73924e-09,1.74236e-09,-1361.46
0,0,0.6,-2.1193e-11,9.91991e-11,1.86494e-09,1.8677e-09,-1361.46
0,0,0.63,-3.13099e-11,9.58091e-11,1.98181e-09,1.98437e-09,-1361.46
0,0,0.66,-3.89089e-11,9.51451e-11,2.10728e-09,2.10979e-09,-1361.46
0,0,0.69,-4.12088e-11,8.71877e-11,2.27075e-09,2.2728e-09,-1361.46
0,0,0.72,-4.5386e-11,8.05993e-11,2.42102e-09,2.42279e-09,-1361.46
0,0,0.75,-3.99728e-11,6.8714e-11,2.61934e-09,2.62055e-09,-1361.46
0,0,0.78,-3.55202e-11,5.66056e-11,2.81604e-09,2.81683e-09,-1361.46
0,0,0.81,-3.36434e-11,4.57448e-11,2.98236e-09,2.9829e-09,-1361.46
0,0,0.84,-3.54832e-11,3.95096e-11,3.07716e-09,3.07761e-09,-1361.46
0,0,0.87,-4.45186e-11,3.47016e-11,3.13405e-09,3.13456e-09,-1361.46
0,0,0.9,-5.37786e-11,3.00764e-11,3.18761e-09,3.18821e-09,-1361.46
0,0,0.93,-5.55169e-11,2.47952e-11,3.27657e-09,3.27713e-09,-1361.46
0,0,0.96,-5.97648e-11,1.85888e-11,3.36933e-09,3.36991e-09,-1361.46
0,0,0.99,-6.54255e-11,1.15773e-11,3.49105e-09,3.49168e-09,-1361.46
0,0,1.02,-6.51202e-11,2.24574e-12,3.65516e-09,3.65574e-09,-1361.46
0,0,1.05,-6.53828e-11,-1.94701e-12,3.76233e-09,3.7629e-09,-1361.46
0,0,1.08,-6.52776e-11,-5.57626e-12,3.86311e-09,3.86366e-09,-1361.46
0,0,1.11,-6.68182e-11,-2.15289e-12,3.92231e-09,3.92288e-09,-1361.46
0,0,1.14,-7.09498e-11,6.12027e-12,3.95503e-09,3.95567e-09,-1361.46
0,0,1.17,-7.13612e-11,1.32295e-11,4.00474e-09,4.0054e-09,-1361.46
0,0,1.2,-6.25932e-11,2.35687e-11,4.11279e-09,4.11334e-09,-1361.46
0,0,1.23,-4.99738e-11,2.86772e-11,4.27932e-09,4.27971e-09,-1361.46
0,0,1.26,-4.20597e-11,3.57047e-11,4.43198e-09,4.43233e-09,-1361.46
0,0,1.29,-4.69725e-11,3.86403e-11,4.5661e-09,4.5665e-09,-1361.46
0,0,1.32,-5.54889e-11,3.92175e-11,4.66517e-09,4.66567e-09,-1361.46
0,0,1.35,-6.87433e-11,4.54759e-11,4.7446e-09,4.74532e-09,-1361.46
0,0,1.38,-8.46139e-11,5.0457e-11,4.82584e-09,4.82684e-09,-1361.46
0,0,1.41,-1.03111e-10,5.21422e-11,4.91302e-09,4.91438e-09,-1361.46
0,0,1.44,-1.07971e-10,5.06217e-11,5.03279e-09,5.0342e-09,-1361.46
0,0,1.47,-1.00806e-10,5.72569e-11,5.19099e-09,5.19228e-09,-1361.46
0,0,1.5,-1.04836e-10,5.67077e-11,5.31511e-09,5.31644e-09,-1361.46
0,0,1.53,-1.09578e-10,6.02881e-11,5.44116e-09,5.44259e-09,-1361.46
0,0,1.56,-1.15549e-10,6.34439e-11,5.55743e-09,5.559e-09,-1361.46
0,0,1.59,-1.1576e-10,6.81071e-11,5.66894e-09,5.67053e-09,-1361.46
0,0,1.62,-1.19116e-10,5.27321e-11,5.82823e-09,5.82968e-09,-1361.46
0,0,1.65,-1.22867e-10,3.75085e-11,5.9781e-09,5.97948e-09,-1361.46
0,0,1.68,-1.26191e-10,2.29301e-11,6.11134e-09,6.11269e-09,-1361.46
0,0,1.71,-1.32632e-10,5.3139e-12,6.23872e-09,6.24014e-09,-1361.46
0,0,1.74,-1.32504e-10,-1.02515e-11,6.35342e-09,6.35481e-09,-1361.46
0,0,1.77,-1.31295e-10,-2.48061e-11,6.45913e-09,6.46051e-09,-1361.46
0,0,1.8,-1.28944e-10,-4.04131e-11,6.61346e-09,6.61484e-09,-1361.46
0,0,1.83,-1.25277e-10,-5.24365e-11,6.75882e-09,6.76018e-09,-1361.46
0,0,1.86,-1.21479e-10,-5.52678e-11,6.87989e-09,6.88119e-09,-1361.46
0,0,1.89,-1.16419e-10,-5.64932e-11,6.9753e-09,6.9765e-09,-1361.46
0,0,1.92,-1.10125e-10,-5.6851e-11,7.08051e-09,7.08159e-09,-1361.46
0,0,1.95,-1.00113e-10,-4.60697e-11,7.22973e-09,7.23057e-09,-1361.46
0,0,1.98,-8.14998e-11,-3.92167e-11,7.46604e-09,7.46659e-09,-1361.46
0,0,2.01,-7.04933e-11,-2.80503e-11,7.67798e-09,7.67836e-09,-1361.46
0,0,2.04,-6.59997e-11,-9.31757e-12,7.83723e-09,7.83751e-09,-1361.46
0,0,2.07,-6.32537e-11,1.08453e-11,7.89748e-09,7.89774e-09,-1361.46
0,0,2.1,-5.6238e-11,2.36092e-11,7.88727e-09,7.88751e-09,-1361.46
0,0,2.13,-5.44283e-11,3.70057e-11,7.90899e-09,7.90926e-09,-1361.46
0,0,2.16,-5.5496e-11,4.8946e-11,8.02006e-09,8.0204e-09,-1361.46
0,0,2.19,-6.23542e-11,6.05871e-11,8.15305e-09,8.15351e-09,-1361.46
0,0,2.22,-6.95446e-11,6.56474e-11,8.2533e-09,8.25385e-09,-1361.46
0,0,2.25,-7.52407e-11,6.48429e-11,8.37e-09,8.37059e-09,-1361.46
0,0,2.28,-8.24188e-11,6.24925e-11,8.50516e-09,8.50578e-09,-1361.46
0,0,2.31,-8.91344e-11,6.22817e-11,8.6437e-09,8.64438e-09,-1361.46
0,0,2.34,-9.76252e-11,6.52499e-11,8.86798e-09,8.86876e-09,-1361.46
0,0,2.37,-1.0503e-10,6.71508e-11,9.05048e-09,9.05134e-09,-1361.46
0,0,2.4,-1.051e-10,6.99379e-11,9.19181e-09,9.19267e-09,-1361.46
0,0,2.43,-9.66414e-11,5.26092e-11,9.22205e-09,9.22271e-09,-1361.46
0,0,2.46,-8.71982e-11,2.94491e-11,9.20666e-09,9.20712e-09,-1361.46
0,0,2.49,-7.34078e-11,1.03296e-11,9.29149e-09,9.29179e-09,-1361.46
0,0,2.52,-5.3924e-11,-9.2406e-12,9.36915e-09,9.36931e-09,-1361.46
0,0,2.55,-3.25525e-11,-3.01668e-11,9.42095e-09,9.42105e-09,-1361.46
0,0,2.58,3.76853e-12,-5.55633e-11,9.49608e-09,9.49624e-09,-1361.46
0,0,2.61,3.91849e-11,-7.58115e-11,9.59875e-09,9.59913e-09,-1361.46
0,0,2.64,7.20473e-11,-8.44946e-11,9.76365e-09,9.76428e-09,-1361.46
0,0,2.67,1.11766e-10,-9.7067e-11,9.9443e-09,9.94541e-09,-1361.46
0,0,2.7,1.52158e-10,-1.07313e-10,1.0041e-08,1.00428e-08,-1361.46
0,0,2.73,1.86591e-10,-1.02927e-10,1.0189e-08,1.01913e-08,-1361.46
0,0,2.76,2.16284e-10,-1.06336e-10,1.02887e-08,1.02915e-08,-1361.46
0,0,2.79,2.39932e-10,-1.10419e-10,1.03995e-08,1.04028e-08,-1361.46
0,0,2.82,2.58466e-10,-1.05071e-10,1.06423e-08,1.06459e-08,-1361.46
0,0,2.85,2.70425e-10,-1.01976e-10,1.08254e-08,1.08292e-08,-1361.46
0,0,2.88,2.71332e-10,-9.25487e-11,1.10475e-08,1.10512e-08,-1361.46
0,0,2.91,2.49909e-10,-1.20482e-10,1.1107e-08,1.11105e-08,-1361.46
0,0,2.94,2.33017e-10,-1.5161e-10,1.11669e-08,1.11703e-08,-1361.46
0,0,2.97,2.13389e-10,-1.59604e-10,1.13429e-08,1.1346e-08,-1361.46
0,0,3,1.99571e-10,-1.6969e-10,1.14746e-08,1.14776e-08,-1361.46
0,0,3.03,1.87186e-10,-1.98902e-10,1.15296e-08,1.15328e-08,-1361.46
0,0,3.06,1.67951e-10,-2.28383e-10,1.15409e-08,1.15444e-08,-1361.46
0,0,3.09,1.50085e-10,-2.49458e-10,1.15016e-08,1.15053e-08,-1361.46
0,0,3.12,1.41076e-10,-2.50035e-10,1.15439e-08,1.15475e-08,-1361.46
0,0,3.15,1.02179e-10,-2.6611e-10,1.15974e-08,1.16009e-08,-1361.46
0,0,3.18,6.18499e-11,-2.63725e-10,1.1694e-08,1.16971e-08,-1361.46
0,0,3.21,2.84334e-11,-2.47757e-10,1.18747e-08,1.18773e-08,-1361.46
0,0,3.24,-4.81783e-12,-2.32315e-10,1.20449e-08,1.20471e-08,-1361.46
0,0,3.27,-4.01425e-11,-2.27625e-10,1.21892e-08,1.21914e-08,-1361.46
0,0,3.3,-6.51007e-11,-2.1502e-10,1.22119e-08,1.22139e-08,-1361.46
0,0,3.33,-8.95219e-11,-2.01686e-10,1.22637e-08,1.22657e-08,-1361.46
0,0,3.36,-1.15479e-10,-1.85323e-10,1.23937e-08,1.23957e-08,-1361.46
0,0,3.39,-1.38756e-10,-1.66207e-10,1.2525e-08,1.25269e-08,-1361.46
0,0,3.42,-1.80239e-10,-1.73314e-10,1.25657e-08,1.25682e-08,-1361.46
0,0,3.45,-2.15533e-10,-1.85058e-10,1.26176e-08,1.26208e-08,-1361.46
0,0,3.48,-2.57446e-10,-1.72749e-10,1.27102e-08,1.2714e-08,-1361.46
0,0,3.51,-2.94431e-10,-1.64806e-10,1.2944e-08,1.29484e-08,-1361.46
0,0,3.54,-3.2619e-10,-1.57088e-10,1.3187e-08,1.3192e-08,-1361.46
0,0,3.57,-3.51874e-10,-1.48069e-10,1.33616e-08,1.33671e-08,-1361.46
0,0,3.6,-3.7153e-10,-1.39455e-10,1.34933e-08,1.34991e-08,-1361.46
0,0,3.63,-3.87871e-10,-1.31364e-10,1.35925e-08,1.35987e-08,-1361.46
0,0,3.66,-4.07111e-10,-1.26271e-10,1.3754e-08,1.37606e-08,-1361.46
0,0,3.69,-4.28087e-10,-1.21476e-10,1.39572e-08,1.39643e-08,-1361.46
0,0,3.72,-4.40064e-10,-1.23578e-10,1.4091e-08,1.40984e-08,-1361.46
0,0,3.75,-4.19321e-10,-1.27702e-10,1.4285e-08,1.42917e-08,-1361.46
0,0,3.78,-3.93776e-10,-1.27936e-10,1.44599e-08,1.44658e-08,-1361.46
0,0,3.81,-3.713e-10,-1.26644e-10,1.46699e-08,1.46751e-08,-1361.46
0,0,3.84,-3.54655e-10,-1.22102e-10,1.47991e-08,1.48039e-08,-1361.46
0,0,3.87,-3.30243e-10,-1.24554e-10,1.50234e-08,1.50275e-08,-1361.46
0,0,3.9,-3.23119e-10,-1.40437e-10,1.51062e-08,1.51103e-08,-1361.46
0,0,3.93,-3.33164e-10,-1.45874e-10,1.51079e-08,1.51123e-08,-1361.46
0,0,3.96,-3.46242e-10,-1.42579e-10,1.51252e-08,1.51299e-08,-1361.46
0,0,3.99,-3.56048e-10,-1.35443e-10,1.51679e-08,1.51727e-08,-1361.46
0,0,4.02,-3.6368e-10,-1.52447e-10,1.52265e-08,1.52316e-08,-1361.46
0,0,4.05,-3.90784e-10,-1.70124e-10,1.5278e-08,1.52839e-08,-1361.46
0,0,4.08,-4.22836e-10,-1.99025e-10,1.52849e-08,1.5292e-08,-1361.46
0,0,4.11,-4.65104e-10,-2.30513e-10,1.53711e-08,1.53799e-08,-1361.46
0,0,4.14,-5.2297e-10,-2.49946e-10,1.55718e-08,1.55825e-08,-1361.46
0,0,4.17,-5.88886e-10,-2.43423e-10,1.57979e-08,1.58107e-08,-1361.46
0,0,4.2,-6.54993e-10,-2.38011e-10,1.59808e-08,1.5996e-08,-1361.46
0,0,4.23,-7.28602e-10,-2.49094e-10,1.60939e-08,1.61123e-08,-1361.46
0,0,4.26,-7.83703e-10,-2.40858e-10,1.6222e-08,1.62427e-08,-1361.46
0,0,4.29,-8.2578e-10,-2.36683e-10,1.63099e-08,1.63325e-08,-1361.46
0,0,4.32,-8.76517e-10,-2.38168e-10,1.6393e-08,1.64182e-08,-1361.46
0,0,4.35,-9.31803e-10,-2.47638e-10,1.64789e-08,1.65071e-08,-1361.46
0,0,4.38,-9.79219e-10,-2.56702e-10,1.657e-08,1.66009e-08,-1361.46
0,0,4.41,-1.02043e-09,-2.6134e-10,1.66617e-08,1.66949e-08,-1361.46
0,0,4.44,-1.07985e-09,-2.72979e-10,1.68077e-08,1.68446e-08,-1361.46
0,0,4.47,-1.14198e-09,-2.85362e-10,1.69652e-08,1.7006e-08,-1361.46
0,0,4.5,-1.20361e-09,-2.981e-10,1.71203e-08,1.71651e-08,-1361.46
0,0,4.53,-1.27813e-09,-3.146e-10,1.71526e-08,1.72031e-08,-1361.46
0,0,4.56,-1.36427e-09,-3.28536e-10,1.71079e-08,1.71653e-08,-1361.46
0,0,4.59,-1.44232e-09,-3.45073e-10,1.70454e-08,1.71098e-08,-1361.46
0,0,4.62,-1.52275e-09,-3.66466e-10,1.70044e-08,1.70764e-08,-1361.46
0,0,4.65,-1.62451e-09,-3.8175e-10,1.70626e-08,1.7144e-08,-1361.46
0,0,4.68,-1.72466e-09,-3.97917e-10,1.71286e-08,1.72198e-08,-1361.46
0,0,4.71,-1.81003e-09,-4.14417e-10,1.71488e-08,1.7249e-08,-1361.46
0,0,4.74,-1.90407e-09,-4.31361e-10,1.72068e-08,1.73172e-08,-1361.46
0,0,4.77,-1.9949e-09,-4.55972e-10,1.72874e-08,1.74081e-08,-1361.46
0,0,4.8,-2.07812e-09,-4.97045e-10,1.74484e-08,1.75788e-08,-1361.46
0,0,4.83,-2.13609e-09,-5.50787e-10,1.76434e-08,1.77807e-08,-1361.46
0,0,4.86,-2.18422e-09,-5.99152e-10,1.79049e-08,1.80475e-08,-1361.46
0,0,4.89,-2.1801e-09,-7.09397e-10,1.80987e-08,1.82433e-08,-1361.46
0,0,4.92,-2.16463e-09,-8.10283e-10,1.83519e-08,1.84969e-08,-1361.46
0,0,4.95,-2.10945e-09,-9.39627e-10,1.8506e-08,1.86495e-08,-1361.46
0,0,4.98,-2.03813e-09,-1.10227e-09,1.87375e-08,1.88802e-08,-1361.46
0,0,5.01,-1.93244e-09,-1.28983e-09,1.89918e-08,1.91334e-08,-1361.46
0,0,5.04,-1.77457e-09,-1.49728e-09,1.92359e-08,1.93755e-08,-1361.46
0,0,5.07,-1.57283e-09,-1.74869e-09,1.94463e-08,1.9588e-08,-1361.46
0,0,5.1,-1.29971e-09,-2.03436e-09,1.9681e-08,1.98285e-08,-1361.46
0,0,5.13,-9.45827e-10,-2.37227e-09,1.99158e-08,2.00789e-08,-1361.46
0,0,5.16,-3.12803e-10,-2.86865e-09,2.00758e-08,2.02822e-08,-1361.46
0,0,5.19,3.96234e-10,-3.43537e-09,2.01688e-08,2.04631e-08,-1361.46
0,0,5.22,1.2085e-09,-4.05166e-09,2.01977e-08,2.06355e-08,-1361.46
0,0,5.25,1.96176e-09,-4.59584e-09,2.03666e-08,2.09707e-08,-1361.46
0,0,5.28,2.84918e-09,-5.20543e-09,2.05075e-08,2.13488e-08,-1361.46
0,0,5.31,4.62349e-09,-6.24734e-09,2.06377e-08,2.20527e-08,-1361.46
0,0,5.34,6.47269e-09,-7.30299e-09,2.07093e-08,2.28933e-08,-1361.46
0,0,5.37,8.35799e-09,-8.37136e-09,2.0887e-08,2.40042e-08,-1361.46
0,0,5.4,1.02258e-08,-9.42242e-09,2.10905e-08,2.52618e-08,-1361.46
0,0,5.43,1.19527e-08,-1.03538e-08,2.09522e-08,2.625e-08,-1361.46
0,0,5.46,1.55517e-08,-1.20947e-08,2.0955e-08,2.87619e-08,-1361.46
0,0,5.49,1.90616e-08,-1.37305e-08,2.11586e-08,3.16157e-08,-1361.46
0,0,5.52,2.25166e-08,-1.5322e-08,2.13855e-08,3.46281e-08,-1361.46
0,0,5.55,2.70735e-08,-1.745e-08,2.15592e-08,3.87591e-08,-1361.46
0,0,5.58,3.12351e-08,-1.93535e-08,2.15399e-08,4.2593e-08,-1361.46
0,0,5.61,3.69252e-08,-2.16058e-08,2.16816e-08,4.79622e-08,-1361.46
0,0,5.64,4.261e-08,-2.38058e-08,2.21037e-08,5.35807e-08,-1361.46
0,0,5.67,4.90076e-08,-2.63062e-08,2.27021e-08,6.00762e-08,-1361.46
0,0,5.7,5.69178e-08,-2.93664e-08,2.33345e-08,6.81654e-08,-1361.46
0,0,5.73,6.57136e-08,-3.26426e-08,2.33656e-08,7.7005e-08,-1361.46
0,0,5.76,7.55393e-08,-3.58636e-08,2.35452e-08,8.68721e-08,-1361.46
0,0,5.79,8.61535e-08,-3.94706e-08,2.39686e-08,9.7749e-08,-1361.46
0,0,5.82,9.96015e-08,-4.43567e-08,2.29211e-08,1.11415e-07,-1361.46
0,0,5.85,1.1527e-07,-4.92128e-08,2.35573e-08,1.2753e-07,-1361.46
0,0,5.88,1.31646e-07,-5.43067e-08,2.3397e-08,1.44317e-07,-1361.46
0,0,5.91,1.49792e-07,-5.99798e-08,2.37047e-08,1.63087e-07,-1361.46
0,0,5.94,1.68211e-07,-6.55529e-08,2.35968e-08,1.82069e-07,-1361.46
0,0,5.97,1.91166e-07,-7.17134e-08,2.61334e-08,2.0584e-07,-1361.46
0,0,6,2.14825e-07,-7.79282e-08,2.94459e-08,2.30411e-07,-1361.46
0,0,6.03,2.42006e-07,-8.50916e-08,2.98682e-08,2.58262e-07,-1361.46
0,0,6.06,2.71141e-07,-9.26112e-08,3.01821e-08,2.88106e-07,-1361.46
0,0,6.09,3.03602e-07,-1.0086e-07,3.14779e-08,3.21462e-07,-1361.46
0,0,6.12,3.36199e-07,-1.08898e-07,3.32725e-08,3.54959e-07,-1361.46
0,0,6.15,3.71761e-07,-1.17187e-07,3.70404e-08,3.9155e-07,-1361.46
0,0,6.18,4.14086e-07,-1.266e-07,4.11864e-08,4.34961e-07,-1361.46
0,0,6.21,4.59173e-07,-1.3633e-07,3.72199e-08,4.80428e-07,-1361.46
0,0,6.24,5.03017e-07,-1.43956e-07,4.54381e-08,5.2518e-07,-1361.46
0,0,6.27,5.50984e-07,-1.5171e-07,5.87808e-08,5.74503e-07,-1361.46
0,0,6.3,6.23746e-07,-1.64611e-07,6.64127e-08,6.48511e-07,-1361.46
0,0,6.33,6.92998e-07,-1.76286e-07,6.90934e-08,7.18398e-07,-1361.46
0,0,6.36,7.63058e-07,-1.88403e-07,7.07512e-08,7.89151e-07,-1361.46
0,0,6.39,8.33953e-07,-1.98363e-07,7.53002e-08,8.60521e-07,-1361.46
0,0,6.42,9.23468e-07,-2.06642e-07,9.18287e-08,9.5075e-07,-1361.46
0,0,6.45,1.00424e-06,-2.1421e-07,9.57327e-08,1.03129e-06,-1361.46
0,0,6.48,1.09118e-06,-2.22688e-07,1.17851e-07,1.11989e-06,-1361.46
0,0,6.51,1.17992e-06,-2.26012e-07,1.19352e-07,1.20728e-06,-1361.46
0,0,6.54,1.25641e-06,-2.28926e-07,9.73436e-08,1.2808e-06,-1361.46
0,0,6.57,1.33526e-06,-2.31516e-07,7.90556e-08,1.35749e-06,-1361.46
0,0,6.6,1.45748e-06,-2.28644e-07,1.14536e-07,1.47974e-06,-1361.46
0,0,6.63,1.58556e-06,-2.25078e-07,1.31271e-07,1.60682e-06,-1361.46
0,0,6.66,1.7135e-06,-2.22932e-07,1.19742e-07,1.73209e-06,-1361.46
0,0,6.69,1.82035e-06,-2.02054e-07,1.49307e-07,1.8376e-06,-1361.46
0,0,6.72,1.92065e-06,-1.78473e-07,1.69073e-07,1.93632e-06,-1361.46
0,0,6.75,2.05135e-06,-1.51585e-07,1.24798e-07,2.06072e-06,-1361.46
0,0,6.78,2.17685e-06,-1.14535e-07,1.5719e-07,2.18552e-06,-1361.46
0,0,6.81,2.27721e-06,-6.63703e-08,1.56974e-07,2.28358e-06,-1361.46
0,0,6.84,2.38023e-06,-2.36095e-08,1.90388e-07,2.38795e-06,-1361.46
0,0,6.87,2.51777e-06,6.14196e-08,1.58878e-07,2.52353e-06,-1361.46
0,0,6.9,2.56745e-06,1.31071e-07,7.7174e-08,2.57195e-06,-1361.46
0,0,6.93,2.65646e-06,2.45463e-07,-6.70742e-08,2.66862e-06,-1361.46
0,0,6.96,2.69314e-06,3.76496e-07,-1.78222e-07,2.72516e-06,-1361.46
0,0,6.99,2.73422e-06,5.04676e-07,-2.85989e-07,2.79508e-06,-1361.46
0,0,7.02,2.74492e-06,6.66816e-07,-4.18014e-07,2.85551e-06,-1361.46
0,0,7.05,2.71615e-06,8.48753e-07,-6.16688e-07,2.91173e-06,-1361.46
0,0,7.08,2.54799e-06,1.06169e-06,-9.71289e-07,2.92624e-06,-1361.46
0,0,7.11,2.36606e-06,1.32154e-06,-1.36804e-06,3.03583e-06,-1361.46
0,0,7.14,2.25639e-06,1.62207e-06,-1.74608e-06,3.28195e-06,-1361.46
0,0,7.17,1.97556e-06,1.97367e-06,-2.31587e-06,3.62788e-06,-1361.46
0,0,7.2,1.64985e-06,2.33677e-06,-2.89784e-06,4.07185e-06,-1361.46
0,0,7.23,1.16915e-06,2.81091e-06,-3.7322e-06,4.81637e-06,-1361.46
0,0,7.26,4.24724e-07,3.50255e-06,-5.14367e-06,6.23743e-06,-1361.46
0,0,7.29,-3.87845e-07,4.18662e-06,-6.75513e-06,7.95676e-06,-1361.46
0,0,7.32,-1.18862e-06,4.94539e-06,-8.30365e-06,9.73757e-06,-1361.46
0,0,7.35,-1.92315e-06,5.37423e-06,-1.02927e-05,1.17694e-05,-1361.46
0,0,7.38,-3.50454e-06,6.72443e-06,-1.27584e-05,1.48417e-05,-1361.46
0,0,7.41,-5.01575e-06,7.40794e-06,-1.5965e-05,1.83008e-05,-1361.46
0,0,7.44,-6.92661e-06,8.25712e-06,-1.92583e-05,2.2069e-05,-1361.46
0,0,7.47,-9.23592e-06,9.78948e-06,-2.48271e-05,2.82404e-05,-1361.46
0,0,7.5,-1.1644e-05,1.11679e-05,-3.04367e-05,3.44485e-05,-1361.46
0,0,7.53,-1.44079e-05,1.275e-05,-3.63129e-05,4.10947e-05,-1361.46
0,0,7.56,-1.86875e-05,1.53266e-05,-4.49727e-05,5.10556e-05,-1361.46
0,0,7.59,-2.25308e-05,1.68818e-05,-5.57455e-05,6.24515e-05,-1361.46
0,0,7.62,-2.62841e-05,1.82578e-05,-6.64841e-05,7.37858e-05,-1361.46
0,0,7.65,-3.14283e-05,2.05037e-05,-7.99569e-05,8.83247e-05,-1361.46
0,0,7.68,-3.67662e-05,2.34759e-05,-9.33881e-05,0.000103074,-1361.46
0,0,7.71,-4.30959e-05,2.69527e-05,-0.000110629,0.000121747,-1361.46
0,0,7.74,-5.24069e-05,3.17494e-05,-0.000131801,0.000145348,-1361.46
0,0,7.77,-5.93975e-05,3.4193e-05,-0.00015496,0.00016944,-1361.46
0,0,7.8,-7.00202e-05,3.8686e-05,-0.000182219,0.000199005,-1361.46
0,0,7.83,-7.88722e-05,4.06846e-05,-0.000216759,0.000234223,-1361.46
0,0,7.86,-9.23687e-05,4.68868e-05,-0.000259239,0.000279168,-1361.46
0,0,7.89,-0.000108167,5.52132e-05,-0.000308853,0.000331871,-1361.46
0,0,7.92,-0.000125863,6.25939e-05,-0.000362511,0.000388811,-1361.46
0,0,7.95,-0.000144478,6.92114e-05,-0.000421555,0.000450969,-1361.46
0,0,7.98,-0.000161853,7.40418e-05,-0.000479281,0.000511262,-1361.45
0,0,8.01,-0.000184501,8.40638e-05,-0.000560296,0.000595852,-1361.45
0,0,8.04,-0.000207313,8.78279e-05,-0.000631283,0.000670232,-1361.45
0,0,8.07,-0.0002305,9.68133e-05,-0.000713164,0.000755715,-1361.45
0,0,8.1,-0.000262284,0.000107139,-0.000803889,0.000852355,-1361.45
0,0,8.13,-0.000290888,0.000112226,-0.000902375,0.00095472,-1361.45
0,0,8.16,-0.000331313,0.000124856,-0.00100758,0.00106797,-1361.45
0,0,8.19,-0.00036585,0.000134961,-0.00110607,0.00117279,-1361.45
0,0,8.22,-0.000403336,0.000137497,-0.00120854,0.00128146,-1361.45
0,0,8.25,-0.000453358,0.000148751,-0.00129323,0.00137845,-1361.45
0,0,8.28,-0.000496487,0.000163693,-0.00136836,0.00146483,-1361.45
0,0,8.31,-0.000547769,0.000167843,-0.00143686,0.00154686,-1361.45
0,0,8.34,-0.00061311,0.000174507,-0.00145081,0.00158468,-1361.45
0,0,8.37,-0.000659368,0.000187422,-0.00142708,0.00158318,-1361.44
0,0,8.4,-0.000710596,0.000205602,-0.00131622,0.00150985,-1361.44
0,0,8.43,-0.000785219,0.000199036,-0.00113201,0.00139199,-1361.44
0,0,8.46,-0.000836426,0.0001768,-0.000831004,0.00119224,-1361.44
0,0,8.49,-0.000940877,0.000197966,-0.000320912,0.00101362,-1361.44
0,0,8.52,-0.00103707,0.000199945,0.000338077,0.00110896,-1361.43
0,0,8.55,-0.00104338,0.000207257,0.00122019,0.00161878,-1361.43
0,0,8.58,-0.00115123,0.000191831,0.00233558,0.00261095,-1361.42
0,0,8.61,-0.00115503,0.000178047,0.00397332,0.00414162,-1361.42
0,0,8.64,-0.0012673,9.52878e-05,0.00619835,0.0063273,-1361.41
0,0,8.67,-0.00126196,6.54623e-05,0.00831778,0.00841322,-1361.41
0,0,8.7,-0.00152582,-5.0182e-05,0.011533,0.0116336,-1361.4
0,0,8.73,-0.0016429,-2.38367e-05,0.0152113,0.0152997,-1361.39
0,0,8.76,-0.00143164,3.23578e-05,0.0199761,0.0200273,-1361.38
0,0,8.79,-0.00118404,9.25252e-05,0.0255593,0.0255869,-1361.37
0,0,8.82,-0.00197384,-0.000510729,0.0327599,0.0328232,-1361.37
0,0,8.85,-0.00160491,-0.000195395,0.0397503,0.0397831,-1361.36
0,0,8.88,-0.0016449,-0.000334267,0.0482049,0.0482341,-1361.36
0,0,8.91,-0.00126397,-0.000285698,0.0587103,0.0587246,-1361.37
0,0,8.94,-0.00114233,-0.000924108,0.0697881,0.0698036,-1361.36
0,0,8.97,-0.0016017,-0.00117109,0.082194,0.082218,-1361.35
0,0,9,-0.00170052,-0.00113291,0.0959412,0.0959629,-1361.35
0,0,9.03,-0.00135294,-0.00134791,0.112912,0.112928,-1361.37
0,0,9.06,-0.00128172,-0.00153748,0.131453,0.131468,-1361.37
0,0,9.09,-0.000522012,-0.00149049,0.149954,0.149962,-1361.38
0,0,9.12,-0.000409541,-0.0018669,0.169275,0.169286,-1361.38
0,0,9.15,-7.43775e-05,-0.00256461,0.190186,0.190204,-1361.4
0,0,9.18,0.000116821,-0.00299251,0.213217,0.213238,-1361.44
0,0,9.21,-6.54156e-05,-0.00223413,0.238073,0.238084,-1361.47
0,0,9.24,-0.000604216,-0.00142491,0.264639,0.264644,-1361.51
0,0,9.27,-0.000753901,-0.00235017,0.288641,0.288651,-1361.56
0,0,9.3,8.9933e-05,-0.00217256,0.316405,0.316413,-1361.6
0,0,9.33,0.000810338,-0.00257132,0.345537,0.345548,-1361.62
0,0,9.36,0.00208091,-0.00348433,0.372959,0.372981,-1361.67
0,0,9.39,0.00185788,-0.00303884,0.402189,0.402204,-1361.73
0,0,9.42,0.00222872,-0.00354725,0.43192,0.43194,-1361.84
0,0,9.45,0.00220224,-0.00413118,0.462092,0.462116,-1361.93
0,0,9.48,0.00351475,-0.00400139,0.492453,0.492482,-1361.98
0,0,9.51,0.0036963,-0.0037708,0.520887,0.520914,-1362.05
0,0,9.54,0.00369328,-0.00413057,0.551391,0.551419,-1362.14
0,0,9.57,0.00233016,-0.00357539,0.582308,0.582323,-1362.23
0,0,9.6,0.0023146,-0.00450279,0.614478,0.614499,-1362.35
0,0,9.63,0.00219283,-0.00361575,0.650071,0.650084,-1362.49
0,0,9.66,0.00416539,-0.00375609,0.678683,0.678706,-1362.6
0,0,9.69,0.00370539,-0.00462391,0.711732,0.711757,-1362.75
0,0,9.72,0.00430685,-0.00525421,0.743681,0.743712,-1362.89
0,0,9.75,0.00450438,-0.00428332,0.774498,0.774523,-1363.01
0,0,9.78,0.00477219,-0.00417036,0.805386,0.805411,-1363.12
0,0,9.81,0.00419394,-0.00448912,0.838302,0.838324,-1363.31
0,0,9.84,0.00559013,-0.00359298,0.868469,0.868494,-1363.5
0,0,9.87,0.00683115,-0.00243516,0.901741,0.90177,-1363.65
0,0,9.9,0.00584557,-0.00316198,0.931819,0.931843,-1363.77
0,0,9.93,0.00564384,-0.00361561,0.963434,0.963457,-1363.98
0,0,9.96,0.00654933,-0.00216406,0.995531,0.995554,-1364.2
0,0,9.99,0.00570694,-0.00240536,1.02668,1.0267,-1364.39
0,0,10.02,0.00524454,-0.00305143,1.05804,1.05806,-1364.58
0,0,10.05,0.00485386,-0.00195293,1.08897,1.08898,-1364.77
0,0,10.08,0.00483659,-0.000651545,1.1214,1.12141,-1365
0,0,10.11,0.00487528,-0.00181114,1.15094,1.15095,-1365.19
0,0,10.14,0.00479793,-0.00160247,1.17902,1.17903,-1365.41
0,0,10.17,0.00475302,-0.000482347,1.20965,1.20966,-1365.64
0,0,10.2,0.00469707,-0.000569801,1.23747,1.23748,-1365.86
0,0,10.23,0.00533995,-0.000536351,1.26481,1.26482,-1366.12
0,0,10.26,0.00487628,-0.000749793,1.29109,1.2911,-1366.34
0,0,10.29,0.0040191,-0.00043521,1.31672,1.31673,-1366.58
0,0,10.32,0.00417434,-0.000187731,1.34246,1.34246,-1366.85
0,0,10.35,0.00285751,0.000177463,1.36533,1.36533,-1367.1
0,0,10.38,0.00330519,0.000468389,1.38754,1.38755,-1367.34
0,0,10.41,0.003694,0.000759202,1.40745,1.40746,-1367.61
0,0,10.44,0.00253516,-5.22839e-05,1.42759,1.42759,-1367.89
0,0,10.47,0.00216187,-9.37328e-05,1.44541,1.44541,-1368.15
0,0,10.5,0.00196132,-0.000247283,1.46321,1.46322,-1368.43
0,0,10.53,0.00138775,0.000492237,1.47725,1.47725,-1368.68
0,0,10.56,0.00203507,0.000728136,1.49243,1.49243,-1368.96
0,0,10.59,0.00136191,0.000526454,1.50485,1.50485,-1369.26
0,0,10.62,0.00133463,0.000979621,1.51528,1.51529,-1369.51
0,0,10.65,0.00101419,0.000467596,1.5246,1.5246,-1369.78
0,0,10.68,0.000895851,0.000381159,1.53336,1.53336,-1370.05
0,0,10.71,0.000696995,0.000400357,1.5395,1.5395,-1370.33
0,0,10.74,0.000476805,0.000161604,1.54515,1.54515,-1370.59
0,0,10.77,0.00030245,0.000121092,1.55043,1.55043,-1370.87
0,0,10.8,-3.59301e-05,0.000268484,1.55457,1.55457,-1371.13
0,0,10.83,-0.000220855,0.000425215,1.55777,1.55777,-1371.37
0,0,10.86,-0.000363454,0.000517319,1.56071,1.56071,-1371.63
0,0,10.89,-0.000559405,0.000573832,1.56237,1.56237,-1371.87
0,0,10.92,-0.000656593,0.000525053,1.56338,1.56338,-1372.16
0,0,10.95,-0.000724649,0.00054089,1.56433,1.56433,-1372.44
0,0,10.98,-0.000726383,0.000550818,1.5668,1.5668,-1372.69
0,0,11.01,-0.000681063,0.000325732,1.56809,1.56809,-1372.92
0,0,11.04,-0.000378218,5.67175e-05,1.56798,1.56798,-1373.21
0,0,11.07,-0.000108102,-0.000161455,1.56797,1.56797,-1373.47
0,0,11.1,2.90867e-05,-0.000246374,1.56767,1.56767,-1373.71
0,0,11.13,-3.24877e-05,-0.000181991,1.56605,1.56605,-1373.95
0,0,11.16,-2.41539e-05,-0.000215579,1.56696,1.56696,-1374.19
0,0,11.19,-1.73051e-05,-4.4009e-05,1.56596,1.56596,-1374.47
0,0,11.22,-5.31234e-05,-9.36805e-05,1.56554,1.56554,-1374.74
0,0,11.25,-0.000138425,-0.000307991,1.5675,1.5675,-1374.98
0,0,11.28,-9.92373e-05,-0.000439608,1.56888,1.56888,-1375.22
0,0,11.31,2.65619e-06,-0.000463621,1.56577,1.56577,-1375.46
0,0,11.34,4.14114e-06,-0.000438822,1.56467,1.56467,-1375.74
0,0,11.37,-1.43017e-05,-0.000397664,1.56543,1.56543,-1376.01
0,0,11.4,-8.95236e-05,-0.000438205,1.56608,1.56608,-1376.25
0,0,11.43,-0.000187314,-0.000576461,1.56516,1.56516,-1376.51
0,0,11.46,-0.000370871,-0.000674034,1.56409,1.56409,-1376.74
0,0,11.49,-0.000426468,-0.000625064,1.56356,1.56356,-1376.98
0,0,11.52,-0.000347165,-0.000338806,1.56273,1.56273,-1377.24
0,0,11.55,-0.000290537,-1.2169e-05,1.56252,1.56252,-1377.49
0,0,11.58,-0.000240462,0.000353022,1.56434,1.56434,-1377.72
0,0,11.61,-0.00044212,0.000571215,1.56292,1.56292,-1377.98
0,0,11.64,-0.000544818,0.000618214,1.5639,1.5639,-1378.25
0,0,11.67,-0.000559166,0.000549901,1.56477,1.56477,-1378.49
0,0,11.7,-0.000558843,0.000199106,1.56402,1.56402,-1378.75
0,0,11.73,-0.000543651,-0.000123104,1.56282,1.56282,-1379.04
0,0,11.76,-0.000519973,-0.000394925,1.56501,1.56501,-1379.26
0,0,11.79,-0.000466695,-0.000492265,1.56672,1.56672,-1379.52
0,0,11.82,-0.000393149,-0.00025846,1.56425,1.56425,-1379.79
0,0,11.85,-0.00037961,-7.37296e-05,1.56348,1.56348,-1380.04
0,0,11.88,-0.000423478,6.65335e-05,1.56368,1.56368,-1380.28
0,0,11.91,-0.000149825,0.000291594,1.55965,1.55965,-1380.5
0,0,11.94,-0.000413271,0.000434601,1.56222,1.56222,-1380.75
0,0,11.97,-0.000421318,0.000594428,1.56212,1.56212,-1381.01
0,0,12,-0.000125125,0.000688536,1.56252,1.56252,-1381.28
0,0,12.03,0.000207264,0.000658465,1.56446,1.56446,-1381.5
0,0,12.06,0.00037008,0.000558065,1.56331,1.56331,-1381.74
0,0,12.09,0.000357548,0.000193316,1.56364,1.56364,-1382.01
0,0,12.12,0.000341489,-0.000142665,1.56653,1.56653,-1382.27
0,0,12.15,0.00017048,-0.000344919,1.56221,1.56221,-1382.5
0,0,12.18,4.65336e-05,-0.000479939,1.56043,1.56043,-1382.75
0,0,12.21,-6.18269e-05,-0.000454998,1.56072,1.56072,-1382.99
0,0,12.24,-0.000189388,-0.000241271,1.56216,1.56216,-1383.27
0,0,12.27,-0.000339275,-7.20461e-05,1.56193,1.56193,-1383.52
0,0,12.3,-0.0006357,1.69903e-05,1.5629,1.5629,-1383.77
0,0,12.33,-0.000973322,-9.66476e-06,1.56579,1.56579,-1384.02
0,0,12.36,-0.00113224,1.33117e-06,1.56662,1.56662,-1384.27
0,0,12.39,-0.00079456,-2.19902e-05,1.56367,1.56367,-1384.54
0,0,12.42,-0.000465681,-8.0244e-05,1.56289,1.56289,-1384.8
0,0,12.45,-0.000215979,-0.000175565,1.5621,1.5621,-1385.03
0,0,12.48,-7.92137e-05,-0.000251223,1.56312,1.56312,-1385.27
0,0,12.51,-4.31007e-05,-0.000239621,1.56183,1.56183,-1385.52
0,0,12.54,-2.85195e-05,-0.000226445,1.56422,1.56422,-1385.76
0,0,12.57,-0.000106739,-0.000103296,1.56218,1.56218,-1385.97
0,0,12.6,-6.1005e-05,4.89533e-05,1.56385,1.56385,-1386.3
0,0,12.63,-8.35795e-05,0.000226087,1.56261,1.56261,-1386.53
0,0,12.66,-2.93054e-05,0.00032446,1.56335,1.56335,-1386.76
0,0,12.69,0.000124067,0.000479611,1.56386,1.56386,-1387.02
0,0,12.72,0.000238989,0.000600706,1.56474,1.56474,-1387.27
0,0,12.75,0.000133087,0.000515699,1.56175,1.56175,-1387.53
0,0,12.78,-7.59726e-05,0.000512173,1.56078,1.56078,-1387.78
0,0,12.81,-0.000422958,0.0005045,1.56094,1.56094,-1388.04
0,0,12.84,-0.000399285,0.000532047,1.5624,1.5624,-1388.3
0,0,12.87,-0.000338782,0.000592778,1.5628,1.5628,-1388.54
0,0,12.9,-0.00029674,0.000611601,1.56394,1.56394,-1388.79
0,0,12.93,-0.000240645,0.000626584,1.5638,1.5638,-1389.06
0,0,12.96,-0.000211638,0.000585648,1.56344,1.56344,-1389.29
0,0,12.99,-0.000139969,0.000502297,1.56406,1.56406,-1389.55
0,0,13.02,-0.000171592,0.000192235,1.56456,1.56456,-1389.8
0,0,13.05,-0.00029316,-0.000141808,1.56583,1.56583,-1390.05
0,0,13.08,-0.000414031,-0.00045065,1.56584,1.56584,-1390.3
0,0,13.11,-0.000549575,-0.000428763,1.56482,1.56482,-1390.54
0,0,13.14,-0.000558024,-0.000315316,1.56337,1.56337,-1390.79
0,0,13.17,-0.000430074,-8.6332e-05,1.56369,1.5637,-1391.02
0,0,13.2,-0.000241043,0.000236636,1.56386,1.56386,-1391.3
0,0,13.23,-7.41764e-05,0.000371208,1.56508,1.56508,-1391.55
0,0,13.26,3.69227e-05,0.000431179,1.56519,1.56519,-1391.77
0,0,13.29,-5.2965e-05,0.000634555,1.56283,1.56283,-1392.01
0,0,13.32,-1.10692e-05,0.000810852,1.56545,1.56545,-1392.28
0,0,13.35,5.4889e-05,0.000683565,1.56587,1.56587,-1392.53
0,0,13.38,0.000177393,0.000512021,1.56671,1.56671,-1392.79
0,0,13.41,7.30985e-05,0.000440203,1.5653,1.5653,-1393.05
0,0,13.44,-4.2959e-05,0.000369049,1.56453,1.56453,-1393.32
0,0,13.47,-0.000210811,0.00040524,1.56498,1.56498,-1393.58
0,0,13.5,-0.00046905,0.000662195,1.56855,1.56855,-1393.8
0,0,13.53,-0.000331522,0.000704273,1.56746,1.56746,-1394.05
0,0,13.56,-0.000116953,0.000793531,1.56722,1.56722,-1394.3
0,0,13.59,-0.000111098,0.000803783,1.56909,1.56909,-1394.51
0,0,13.62,4.65375e-05,0.000760347,1.57239,1.57239,-1394.77
0,0,13.65,-2.83177e-05,0.000654104,1.57205,1.57205,-1395.01
0,0,13.68,-4.22947e-05,0.000652084,1.5779,1.5779,-1395.29
0,0,13.71,-1.33437e-05,0.000790388,1.58042,1.58042,-1395.55
0,0,13.74,1.59555e-05,0.000860111,1.58139,1.58139,-1395.81
0,0,13.77,-0.000321408,0.00082866,1.58658,1.58658,-1396.03
0,0,13.8,-0.000405872,0.00117341,1.59272,1.59272,-1396.29
0,0,13.83,-0.00011507,0.00133164,1.59991,1.59991,-1396.57
0,0,13.86,5.52792e-05,0.0014123,1.60772,1.60772,-1396.81
0,0,13.89,2.3655e-05,0.00132449,1.61662,1.61662,-1397.06
0,0,13.92,0.000157095,0.00176836,1.62719,1.62719,-1397.33
0,0,13.95,0.00052427,0.00138115,1.63959,1.63959,-1397.58
0,0,13.98,0.000787147,0.000821943,1.65302,1.65302,-1397.84
0,0,14.01,0.000835011,0.000960889,1.66788,1.66788,-1398.1
0,0,14.04,0.000532558,0.000916503,1.68358,1.68358,-1398.37
0,0,14.07,0.000284728,0.000815606,1.69841,1.69841,-1398.64
0,0,14.1,0.000266678,0.00127616,1.7195,1.7195,-1398.99
0,0,14.13,0.00155925,0.00207318,1.74175,1.74175,-1399.29
0,0,14.16,0.000915965,0.00176392,1.76282,1.76282,-1399.53
0,0,14.19,0.00112787,0.00139525,1.78584,1.78584,-1399.84
0,0,14.22,9.67474e-05,0.00218652,1.81058,1.81058,-1400.18
0,0,14.25,0.00144935,0.00182291,1.83478,1.83478,-1400.47
0,0,14.28,0.00148129,0.000993337,1.86423,1.86423,-1400.83
0,0,14.31,0.000913747,0.000188806,1.8899,1.8899,-1401.16
0,0,14.34,0.0019449,0.000280641,1.91845,1.91845,-1401.49
0,0,14.37,0.00200603,0.000900237,1.94725,1.94725,-1401.82
0,0,14.4,0.00305338,5.61582e-05,1.97798,1.97798,-1402.17
0,0,14.43,0.00139712,0.00165484,2.00859,2.00859,-1402.56
0,0,14.46,0.00288229,-0.000243713,2.03786,2.03786,-1402.9
0,0,14.49,0.00123834,-0.000933073,2.07161,2.07161,-1403.33
0,0,14.52,0.00203953,-0.000431002,2.10096,2.10096,-1403.73
0,0,14.55,0.00140183,-0.00178896,2.13371,2.13371,-1404.1
0,0,14.58,0.00251862,-0.00174575,2.16447,2.16448,-1404.48
0,0,14.61,0.00251081,-0.000749803,2.1966,2.1966,-1404.88
0,0,14.64,0.000884356,-0.000855197,2.22924,2.22924,-1405.28
0,0,14.67,0.00243572,-0.0015642,2.26138,2.26138,-1405.69
0,0,14.7,0.0025719,-0.00235525,2.29491,2.29491,-1406.14
0,0,14.73,0.00259853,-0.00284463,2.32522,2.32522,-1406.54
0,0,14.76,0.00350353,-0.00279782,2.3583,2.3583,-1407.02
0,0,14.79,0.00333231,-0.00351308,2.38844,2.38844,-1407.46
0,0,14.82,0.00383772,-0.00154186,2.41969,2.4197,-1407.88
0,0,14.85,0.00317998,-0.00309835,2.45346,2.45346,-1408.39
0,0,14.88,0.00384162,-0.00330926,2.48817,2.48818,-1408.85
0,0,14.91,0.00263055,-0.00160229,2.51973,2.51973,-1409.27
0,0,14.94,0.00271906,-0.00207183,2.55229,2.55229,-1409.73
0,0,14.97,0.0026189,-0.00236952,2.5843,2.5843,-1410.2
0,0,15,0.00233463,-0.00271655,2.61421,2.61421,-1410.68
0,0,15.03,0.00418429,-0.00252006,2.64804,2.64804,-1411.15
0,0,15.06,0.00375806,-0.0024967,2.67637,2.67637,-1411.68
0,0,15.09,0.00301163,-0.00236968,2.70849,2.70849,-1412.19
0,0,15.12,0.00366944,-0.00285465,2.74261,2.74262,-1412.74
0,0,15.15,0.0029564,-0.00261798,2.76982,2.76982,-1413.25
0,0,15.18,0.00394175,-0.00197647,2.80016,2.80016,-1413.77
0,0,15.21,0.00387014,-0.00152359,2.83078,2.83078,-1414.3
0,0,15.24,0.00426293,-0.00148575,2.86191,2.86192,-1414.87
0,0,15.27,0.00510286,-0.00137263,2.89044,2.89045,-1415.37
0,0,15.3,0.00414198,-0.00221938,2.91381,2.91382,-1415.85
0,0,15.33,0.00403473,-0.00182647,2.9413,2.9413,-1416.38
0,0,15.36,0.00377863,-0.00180469,2.96667,2.96668,-1416.98
0,0,15.39,0.00368798,-0.00202386,2.98879,2.98879,-1417.52
0,0,15.42,0.00430503,-0.00147715,3.01154,3.01155,-1418.08
0,0,15.45,0.00304935,-0.000959616,3.03188,3.03188,-1418.65
0,0,15.48,0.00303498,-0.00132891,3.05181,3.05181,-1419.18
0,0,15.51,0.00310608,-0.00118314,3.06811,3.06811,-1419.71
0,0,15.54,0.00328435,-0.00104882,3.08304,3.08304,-1420.25
0,0,15.57,0.00187536,-0.00132122,3.10006,3.10006,-1420.88
0,0,15.6,0.00137422,-0.00122454,3.11449,3.11449,-1421.33
0,0,15.63,0.00135842,-0.000978278,3.12515,3.12515,-1421.92
0,0,15.66,0.00148921,-0.00103768,3.13485,3.13485,-1422.47
0,0,15.69,0.00129293,-0.00151336,3.14321,3.14321,-1423.01
0,0,15.72,0.00139391,-0.00162386,3.14927,3.14927,-1423.51
0,0,15.75,0.0011091,-0.000944531,3.15691,3.15691,-1424.06
0,0,15.78,0.00129393,-0.000553988,3.16245,3.16245,-1424.6
0,0,15.81,0.00119132,-0.000498982,3.16715,3.16716,-1425.13
0,0,15.84,0.00114341,5.71497e-06,3.16859,3.16859,-1425.65
0,0,15.87,0.00115714,0.000427242,3.17308,3.17308,-1426.18
0,0,15.9,0.00098606,0.000626181,3.17504,3.17504,-1426.66
0,0,15.93,0.00037375,0.000522339,3.17718,3.17718,-1427.23
0,0,15.96,-0.000248911,0.000638885,3.18146,3.18146,-1427.84
0,0,15.99,-0.000483372,0.000907643,3.18439,3.18439,-1428.3
0,0,16.02,-0.000549997,0.00109285,3.18644,3.18644,-1428.78
0,0,16.05,-0.000223725,0.000914437,3.17972,3.17972,-1429.3
0,0,16.08,-0.000335034,0.00103272,3.17657,3.17657,-1429.89
0,0,16.11,-0.000757503,0.000976035,3.181,3.181,-1430.41
0,0,16.14,-0.000874477,0.000582329,3.18382,3.18382,-1430.9
0,0,16.17,-0.000822548,0.000133314,3.18719,3.18719,-1431.37
0,0,16.2,-0.000193127,-2.69006e-05,3.18464,3.18464,-1431.88
0,0,16.23,0.000331397,-0.000170588,3.1824,3.1824,-1432.39
0,0,16.26,0.000454728,-9.65242e-05,3.18091,3.18091,-1432.87
0,0,16.29,0.000284467,0.000194193,3.18015,3.18015,-1433.41
0,0,16.32,-9.70294e-05,0.000461027,3.18228,3.18228,-1433.89
0,0,16.35,-0.000397961,0.000498529,3.18016,3.18016,-1434.42
0,0,16.38,-0.000271653,0.000248162,3.17896,3.17896,-1434.93
0,0,16.41,-0.000212064,6.53622e-05,3.17524,3.17524,-1435.49
0,0,16.44,-0.000160248,-0.000183913,3.17678,3.17678,-1435.96
0,0,16.47,-0.000117944,-0.000553091,3.17305,3.17305,-1436.42
0,0,16.5,0.000243864,-0.000950615,3.1788,3.1788,-1436.93
0,0,16.53,0.000672826,-0.000867691,3.1755,3.1755,-1437.56
0,0,16.56,0.000504202,-0.000734726,3.17527,3.17527,-1438.09
0,0,16.59,0.00033644,-0.000704368,3.18109,3.18109,-1438.56
0,0,16.62,0.000128266,-0.000896039,3.18053,3.18053,-1439.06
0,0,16.65,-0.000118854,-0.00114394,3.17663,3.17663,-1439.55
0,0,16.68,-0.000236502,-0.00124689,3.17997,3.17997,-1440.08
0,0,16.71,-0.000422834,-0.00127616,3.17834,3.17834,-1440.59
0,0,16.74,-0.000673585,-0.000683695,3.17679,3.17679,-1441.12
0,0,16.77,-0.0009516,-0.000188554,3.17575,3.17575,-1441.62
0,0,16.8,-0.00123287,0.00023979,3.17925,3.17925,-1442.13
0,0,16.83,-0.00145472,0.000334097,3.17892,3.17892,-1442.62
0,0,16.86,-0.00146606,9.66362e-05,3.17383,3.17383,-1443.1
0,0,16.89,-0.00157232,-0.000184829,3.18212,3.18212,-1443.58
0,0,16.92,-0.000959468,-6.37407e-05,3.17364,3.17364,-1444.14
0,0,16.95,-3.5219e-05,0.000173168,3.17607,3.17607,-1444.66
0,0,16.98,7.53571e-05,-1.86428e-05,3.17537,3.17537,-1445.17
0,0,17.01,-0.000321181,-0.000232979,3.17182,3.17182,-1445.68
0,0,17.04,-0.000571522,-0.00056446,3.17637,3.17637,-1446.17
0,0,17.07,-0.000785636,-0.000592078,3.17286,3.17286,-1446.69
0,0,17.1,-0.0010534,-0.000463881,3.18443,3.18443,-1447.21
0,0,17.13,-0.000751995,-0.000187621,3.18277,3.18277,-1447.7
0,0,17.16,-0.000280478,0.000251956,3.1774,3.1774,-1448.22
0,0,17.19,0.000106134,0.000627835,3.17749,3.17749,-1448.71
0,0,17.22,0.000470391,0.000881496,3.17708,3.17708,-1449.22
0,0,17.25,0.00103367,0.000572221,3.17684,3.17684,-1449.76
0,0,17.28,0.00134984,0.000171941,3.17695,3.17695,-1450.31
0,0,17.31,0.00146149,-0.000121432,3.17341,3.17341,-1450.82
0,0,17.34,0.0014369,-0.000395434,3.17373,3.17373,-1451.33
0,0,17.37,0.00139072,-0.000838923,3.18019,3.18019,-1451.86
0,0,17.4,0.00132399,-0.000787266,3.17873,3.17873,-1452.33
0,0,17.43,0.00115245,-0.000140259,3.17161,3.17161,-1452.81
0,0,17.46,0.0011605,0.000354809,3.17244,3.17244,-1453.33
0,0,17.49,0.000937586,0.000805501,3.17158,3.17158,-1453.83
0,0,17.52,0.000420363,0.00101144,3.17183,3.17183,-1454.38
0,0,17.55,-0.000385383,0.000851539,3.17144,3.17144,-1454.86
0,0,17.58,-0.000980932,0.00045918,3.17558,3.17558,-1455.37
0,0,17.61,-0.000778716,-0.000170436,3.17147,3.17147,-1455.84
0,0,17.64,-0.000830561,-0.00108671,3.18275,3.18275,-1456.35
0,0,17.67,-0.000631125,-0.0012256,3.18338,3.18338,-1456.87
0,0,17.7,-4.96358e-05,-0.00052097,3.17305,3.17305,-1457.37
0,0,17.73,0.000315314,5.26767e-05,3.17588,3.17588,-1457.87
0,0,17.76,0.000500353,0.000410272,3.17281,3.17281,-1458.4
0,0,17.79,0.000539101,0.000671243,3.17585,3.17585,-1458.98
0,0,17.82,0.000631172,0.00074033,3.17677,3.17677,-1459.46
0,0,17.85,0.000746873,0.000723392,3.17612,3.17612,-1459.95
0,0,17.88,0.000995812,0.000734003,3.17474,3.17474,-1460.44
0,0,17.91,0.00114957,0.000768109,3.17437,3.17437,-1461.01
0,0,17.94,0.00107815,0.000824134,3.17555,3.17555,-1461.54
0,0,17.97,0.00101589,0.000675194,3.17955,3.17955,-1462.03
0,0,18,0.00110114,0.000493006,3.17941,3.17941,-1462.5
0,0,18.03,0.00115511,0.000455401,3.18014,3.18014,-1463.06
0,0,18.06,0.00136416,0.000597659,3.17724,3.17724,-1463.69
0,0,18.09,0.00148783,0.000456374,3.17904,3.17905,-1464.04
0,0,18.12,0.00148591,0.000498759,3.17748,3.17748,-1464.56
0,0,18.15,0.00147096,0.000543491,3.17552,3.17552,-1465.09
0,0,18.18,0.0014666,0.000683044,3.17876,3.17876,-1465.62
0,0,18.21,0.00145454,0.000839302,3.1836,3.1836,-1466.13
0,0,18.24,0.000414154,0.000605289,3.17444,3.17444,-1466.63
0,0,18.27,-0.000175426,0.000395032,3.18055,3.18055,-1467.13
0,0,18.3,-0.000546299,0.000279798,3.17906,3.17906,-1467.64
0,0,18.33,-0.000814399,4.28448e-05,3.1797,3.1797,-1468.13
0,0,18.36,-0.000751707,8.91706e-06,3.18054,3.18054,-1468.63
0,0,18.39,-0.000531762,0.000224347,3.18336,3.18336,-1469.13
0,0,18.42,-0.000442795,0.000523662,3.18765,3.18765,-1469.62
0,0,18.45,0.000136012,0.000710011,3.18449,3.18449,-1470.17
0,0,18.48,0.000704522,0.000813063,3.18441,3.18441,-1470.69
0,0,18.51,0.00093011,0.000855524,3.1853,3.18531,-1471.18
0,0,18.54,0.000804804,0.00073338,3.18439,3.18439,-1471.68
0,0,18.57,0.000864813,0.000753525,3.18633,3.18633,-1472.18
0,0,18.6,0.000486627,0.000873187,3.18437,3.18437,-1472.75
0,0,18.63,0.000147543,0.00059164,3.19109,3.19109,-1473.22
0,0,18.66,4.29612e-05,0.000726636,3.19292,3.19292,-1473.72
0,0,18.69,0.000158153,0.000869375,3.19437,3.19437,-1474.26
0,0,18.72,0.000113916,0.00101039,3.19805,3.19805,-1474.69
0,0,18.75,0.000438088,0.000950717,3.20481,3.20481,-1475.29
0,0,18.78,0.000874385,0.000587237,3.20754,3.20754,-1475.82
0,0,18.81,0.00155947,0.000664174,3.21457,3.21457,-1476.37
0,0,18.84,0.00163945,0.00078113,3.21997,3.21997,-1476.87
0,0,18.87,0.00173177,0.00112245,3.22834,3.22834,-1477.36
0,0,18.9,0.00143179,0.00134046,3.23761,3.23761,-1477.88
0,0,18.93,0.00142904,0.00141815,3.25129,3.25129,-1478.45
0,0,18.96,0.00207238,0.00114312,3.26103,3.26103,-1479
0,0,18.99,0.00231976,0.000339028,3.27497,3.27497,-1479.57
0,0,19.02,0.00275938,0.000641861,3.29257,3.29257,-1480.16
0,0,19.05,0.00240927,0.000213977,3.30865,3.30865,-1480.7
0,0,19.08,0.00250453,0.000543131,3.32531,3.32531,-1481.2
0,0,19.11,0.00342597,0.000299319,3.34607,3.34607,-1481.79
0,0,19.14,0.00395966,7.25074e-05,3.36696,3.36697,-1482.4
0,0,19.17,0.00373153,-0.000634911,3.39254,3.39254,-1482.99
0,0,19.2,0.00465645,-0.00027153,3.4153,3.4153,-1483.59
0,0,19.23,0.00467858,-0.00114003,3.43858,3.43858,-1484.17
0,0,19.26,0.00456896,-1.65718e-05,3.46639,3.46639,-1484.84
0,0,19.29,0.00480898,-0.000362923,3.4949,3.49491,-1485.48
0,0,19.32,0.0044487,-0.00145531,3.52373,3.52373,-1486.02
0,0,19.35,0.00436753,-0.00242867,3.55073,3.55074,-1486.66
0,0,19.38,0.00524262,-0.00242185,3.58114,3.58115,-1487.36
0,0,19.41,0.00447797,-0.00161672,3.61494,3.61494,-1488.07
0,0,19.44,0.00435452,-0.00202226,3.64413,3.64413,-1488.68
0,0,19.47,0.00380612,-0.00267511,3.67786,3.67787,-1489.35
0,0,19.5,0.0040946,-0.00123048,3.70838,3.70839,-1490.06
0,0,19.53,0.00400448,-0.00313525,3.74021,3.74022,-1490.78
0,0,19.56,0.00378149,-0.00315364,3.77435,3.77435,-1491.47
0,0,19.59,0.00249401,-0.0028722,3.80927,3.80927,-1492.13
0,0,19.62,0.00290976,-0.0029432,3.84453,3.84453,-1492.89
0,0,19.65,0.00137142,-0.00252875,3.87491,3.87491,-1493.6
0,0,19.68,0.00258547,-0.00292621,3.91087,3.91087,-1494.37
0,0,19.71,0.00293797,-0.00327992,3.94347,3.94347,-1495.1
0,0,19.74,0.00263994,-0.00316567,3.97585,3.97586,-1495.81
0,0,19.77,0.00171324,-0.00387743,4.0118,4.01181,-1496.59
0,0,19.8,0.00135893,-0.00286929,4.04552,4.04552,-1497.32
0,0,19.83,0.00207306,-0.00384373,4.08068,4.08068,-1498.07
0,0,19.86,0.00346257,-0.00444414,4.11355,4.11355,-1498.87
0,0,19.89,0.00292921,-0.00272337,4.14596,4.14596,-1499.65
0,0,19.92,0.00236193,-0.0019908,4.18223,4.18223,-1500.42
0,0,19.95,0.00226721,-0.00181384,4.21634,4.21635,-1501.3
0,0,19.98,0.00381877,-0.00203291,4.24769,4.24769,-1502.08
0,0,20.01,0.00284751,-0.000586966,4.28243,4.28243,-1502.82
0,0,20.04,0.00333785,-0.000927516,4.31579,4.31579,-1503.65
0,0,20.07,0.00402255,-0.0010212,4.35305,4.35305,-1504.54
0,0,20.1,0.00298843,-0.000197329,4.38383,4.38383,-1505.24
0,0,20.13,0.00286596,0.000361851,4.41453,4.41453,-1506.01
0,0,20.16,0.00221246,0.00038014,4.4463,4.4463,-1506.88
0,0,20.19,0.00169695,0.00040696,4.48014,4.48014,-1507.81
0,0,20.22,0.00221773,0.00148713,4.5112,4.5112,-1508.63
0,0,20.25,0.00171867,0.00159657,4.54401,4.54401,-1509.52
0,0,20.28,0.00208916,0.00257078,4.57519,4.57519,-1510.34
0,0,20.31,0.00229377,0.0024456,4.60226,4.60226,-1511.24
0,0,20.34,0.000948736,0.00256295,4.62829,4.6283,-1512.02
0,0,20.37,0.00171505,0.00343144,4.65424,4.65424,-1512.83
0,0,20.4,0.00124746,0.0040716,4.67779,4.67779,-1513.68
0,0,20.43,0.00102475,0.00387797,4.70344,4.70344,-1514.6
0,0,20.46,0.000338172,0.00321182,4.72664,4.72664,-1515.48
0,0,20.49,-5.39884e-05,0.00271999,4.74782,4.74782,-1516.35
0,0,20.52,-0.000154286,0.00299687,4.76754,4.76754,-1517.19
0,0,20.55,-0.000516577,0.00392425,4.78605,4.78605,-1518.06
0,0,20.58,-0.00107132,0.00439216,4.80194,4.80194,-1518.9
0,0,20.61,-0.00115503,0.00340705,4.81389,4.81389,-1519.71
0,0,20.64,-0.00209411,0.00344285,4.83093,4.83093,-1520.57
0,0,20.67,-0.00262255,0.0035987,4.83908,4.83908,-1521.42
0,0,20.7,-0.00274213,0.00379693,4.85205,4.85205,-1522.22
0,0,20.73,-0.00319579,0.00389407,4.85868,4.85868,-1523.11
0,0,20.76,-0.00336369,0.0040538,4.8681,4.86811,-1523.92
0,0,20.79,-0.00346728,0.00396214,4.87354,4.87354,-1524.71
0,0,20.82,-0.00399424,0.00377148,4.87422,4.87422,-1525.45
0,0,20.85,-0.00438667,0.0040563,4.87697,4.87698,-1526.31
0,0,20.88,-0.00452854,0.00386128,4.886,4.88601,-1527.12
0,0,20.91,-0.00397923,0.00358288,4.88527,4.88527,-1527.97
0,0,20.94,-0.00333462,0.00325199,4.89337,4.89337,-1528.77
0,0,20.97,-0.00344277,0.00317791,4.8923,4.89231,-1529.57
0,0,21,-0.00372832,0.00303288,4.89513,4.89514,-1530.39
0,0,21.03,-0.00392723,0.00301041,4.89837,4.89837,-1531.17
0,0,21.06,-0.00384373,0.00302751,4.89302,4.89302,-1531.88
0,0,21.09,-0.00379163,0.00309283,4.8908,4.8908,-1532.79
0,0,21.12,-0.00385447,0.00314163,4.89593,4.89593,-1533.45
0,0,21.15,-0.00422509,0.00344477,4.89886,4.89886,-1534.24
0,0,21.18,-0.00454974,0.00328986,4.89754,4.89755,-1535.08
0,0,21.21,-0.00444426,0.00268772,4.89786,4.89786,-1535.85
0,0,21.24,-0.00409499,0.00225091,4.89825,4.89825,-1536.6
0,0,21.27,-0.00346359,0.00192793,4.89725,4.89725,-1537.43
0,0,21.3,-0.00248566,0.00192365,4.89587,4.89587,-1538.28
0,0,21.33,-0.00189494,0.00213009,4.89827,4.89827,-1539
0,0,21.36,-0.0012302,0.00213338,4.89378,4.89378,-1539.78
0,0,21.39,-0.000641144,0.0020247,4.90193,4.90193,-1540.57
0,0,21.42,-0.000899352,0.00214922,4.89554,4.89554,-1541.38
0,0,21.45,-0.00145492,0.00207256,4.89175,4.89175,-1542.15
0,0,21.48,-0.00167468,0.00192679,4.895,4.895,-1542.9
0,0,21.51,-0.00181518,0.00185995,4.89368,4.89368,-1543.65
0,0,21.54,-0.00177428,0.00200602,4.89223,4.89223,-1544.6
0,0,21.57,-0.00163998,0.00155504,4.89281,4.89282,-1545.53
0,0,21.6,-0.00159943,0.000817201,4.89496,4.89496,-1546.25
0,0,21.63,-0.00165132,-9.92896e-05,4.89307,4.89307,-1547
0,0,21.66,-0.00172257,-0.000537637,4.88712,4.88712,-1547.83
0,0,21.69,-0.00186521,-0.000645535,4.88677,4.88677,-1548.49
0,0,21.72,-0.00187351,-0.00046069,4.8854,4.8854,-1549.14
0,0,21.75,-0.00172792,0.000224917,4.88425,4.88425,-1549.91
0,0,21.78,-0.00162774,0.00170943,4.89459,4.89459,-1550.76
0,0,21.81,-0.00191749,0.00165491,4.89314,4.89314,-1551.59
0,0,21.84,-0.00237873,0.00133518,4.89129,4.89129,-1552.41
0,0,21.87,-0.0022382,0.000794755,4.88916,4.88916,-1553.19
0,0,21.9,-0.00146635,0.000190364,4.88457,4.88457,-1554.08
0,0,21.93,-0.000664266,-0.000163185,4.89159,4.89159,-1554.75
0,0,21.96,0.000452593,-0.0004711,4.88862,4.88862,-1555.6
0,0,21.99,0.00122569,-0.000722134,4.88573,4.88573,-1556.49
0,0,22.02,0.00149352,-0.00111634,4.8844,4.8844,-1557.19
0,0,22.05,0.00117328,-0.00137013,4.89399,4.89399,-1557.98
0,0,22.08,0.000733874,-0.00114977,4.89505,4.89505,-1558.74
0,0,22.11,0.000376126,-0.000868563,4.9042,4.9042,-1559.52
0,0,22.14,0.000589288,-0.000316894,4.89476,4.89476,-1560.26
0,0,22.17,0.000693664,7.20258e-05,4.89065,4.89065,-1560.99
0,0,22.2,0.000654777,-0.000291709,4.88849,4.88849,-1561.72
0,0,22.23,0.000430684,-0.00121494,4.89147,4.89147,-1562.73
0,0,22.26,0.000318593,-0.000648051,4.88681,4.88681,-1563.37
0,0,22.29,0.000218453,-0.00030991,4.88313,4.88313,-1564.14
0,0,22.32,5.83876e-05,0.000181979,4.88048,4.88048,-1564.88
0,0,22.35,-0.000142113,0.000581795,4.88208,4.88208,-1565.71
0,0,22.38,-0.00032078,0.000475273,4.881,4.881,-1566.72
0,0,22.41,-0.000147563,0.000399501,4.88673,4.88673,-1567.4
0,0,22.44,-3.13547e-05,0.000381102,4.88729,4.88729,-1568.15
0,0,22.47,3.74234e-05,0.000327707,4.89101,4.89101,-1568.95
0,0,22.5,0.000266756,1.8596e-06,4.89049,4.89049,-1569.71
0,0,22.53,0.000381766,-0.000629959,4.89513,4.89513,-1570.49
0,0,22.56,0.000332274,-0.00108377,4.89589,4.89589,-1571.3
0,0,22.59,5.54262e-05,-0.00111246,4.89042,4.89042,-1572.07
0,0,22.62,-0.000101365,-0.00100178,4.88854,4.88854,-1572.84
0,0,22.65,0.000124416,-0.000678762,4.88794,4.88794,-1573.56
0,0,22.68,0.000647468,-0.000840763,4.89221,4.89221,-1574.29
0,0,22.71,0.00211385,-0.000690634,4.89582,4.89582,-1575.2
0,0,22.74,0.00275781,-0.000852151,4.90097,4.90098,-1575.98
0,0,22.77,0.00214138,-0.00105255,4.8891,4.8891,-1576.82
0,0,22.8,0.00135758,-0.00111962,4.88819,4.88819,-1577.59
0,0,22.83,0.000668855,-0.000892645,4.88831,4.88831,-1578.32
0,0,22.86,0.000387043,-0.000885773,4.88332,4.88332,-1579.07
0,0,22.89,3.56174e-05,-0.000653329,4.88917,4.88917,-1579.86
0,0,22.92,-0.00029627,-0.000465216,4.89055,4.89055,-1580.65
0,0,22.95,-0.000427746,-0.000284791,4.88959,4.88959,-1581.46
0,0,22.98,-0.000422882,-0.000431409,4.88976,4.88976,-1582.28
0,0,23.01,-0.000197969,-0.000827067,4.88993,4.88993,-1583.1
0,0,23.04,-0.000136198,-0.000983435,4.89176,4.89176,-1583.85
0,0,23.07,-4.74749e-06,-0.00118124,4.89846,4.89846,-1584.65
0,0,23.1,0.000136502,-0.00121849,4.89915,4.89915,-1585.34
0,0,23.13,0.000264218,-0.00105296,4.89405,4.89405,-1586.03
0,0,23.16,0.000425587,-0.00103653,4.89558,4.89558,-1586.93
0,0,23.19,0.000454303,-0.00123899,4.89598,4.89598,-1587.67
0,0,23.22,0.000491247,-0.00138138,4.89437,4.89437,-1588.43
0,0,23.25,0.000548665,-0.00129137,4.8935,4.8935,-1589.22
0,0,23.28,0.000217272,-0.00098334,4.89587,4.89587,-1590.07
0,0,23.31,-0.000937296,-0.000768585,4.8952,4.8952,-1590.86
0,0,23.34,-0.00162679,0.000182649,4.89325,4.89325,-1591.66
0,0,23.37,-0.00213197,0.000991398,4.89121,4.89121,-1592.45
0,0,23.4,-0.00262546,0.000929169,4.89686,4.89686,-1593.23
0,0,23.43,-0.00299983,0.000365515,4.90167,4.90167,-1594.05
0,0,23.46,-0.00240577,-0.000987441,4.89688,4.89688,-1594.77
0,0,23.49,-0.00128288,-0.00195296,4.89684,4.89684,-1595.6
0,0,23.52,-0.000168201,-0.00214802,4.89988,4.89988,-1596.35
0,0,23.55,0.000636869,-0.00193896,4.90461,4.90461,-1597.12
0,0,23.58,0.000731882,-0.00202461,4.9021,4.9021,-1597.83
0,0,23.61,0.000625669,-0.00203657,4.90395,4.90395,-1598.69
0,0,23.64,0.000957602,-0.00167338,4.91358,4.91358,-1599.54
0,0,23.67,0.00137892,-0.00172528,4.91577,4.91577,-1600.35
0,0,23.7,0.00180979,-0.00187998,4.91487,4.91487,-1601.13
0,0,23.73,0.00211143,-0.00204782,4.91938,4.91938,-1601.91
0,0,23.76,0.00216621,-0.00206341,4.92436,4.92436,-1602.69
0,0,23.79,0.00236712,-0.0021669,4.93351,4.93351,-1603.48
0,0,23.82,0.00328142,-0.00232798,4.93706,4.93707,-1604.39
0,0,23.85,0.00386936,-0.00222732,4.94388,4.94388,-1605.13
0,0,23.88,0.00392616,-0.00264231,4.95218,4.95219,-1605.97
0,0,23.91,0.00417388,-0.00275861,4.96303,4.96303,-1606.83
0,0,23.94,0.00415418,-0.00258275,4.97647,4.97647,-1607.63
0,0,23.97,0.0041514,-0.00240242,4.98613,4.98613,-1608.46
0,0,24,0.00484795,-0.00213684,5.0003,5.0003,-1609.32
0,0,24.03,0.00454892,-0.00233337,5.01485,5.01485,-1610.17
0,0,24.06,0.00507123,-0.00247467,5.03228,5.03229,-1611.07
0,0,24.09,0.00530656,-0.00229826,5.05233,5.05233,-1611.92
0,0,24.12,0.00536596,-0.00325176,5.07185,5.07186,-1612.73
0,0,24.15,0.00488689,-0.00365001,5.09659,5.09659,-1613.68
0,0,24.18,0.00485416,-0.00301324,5.12161,5.12161,-1614.66
0,0,24.21,0.00397113,-0.00389621,5.14816,5.14816,-1615.64
0,0,24.24,0.00326941,-0.00352912,5.17067,5.17067,-1616.4
0,0,24.27,0.00346701,-0.00426756,5.20068,5.20069,-1617.4
0,0,24.3,0.0021919,-0.00344123,5.22856,5.22856,-1618.29
0,0,24.33,0.00255516,-0.00369327,5.26242,5.26242,-1619.33
0,0,24.36,0.00181542,-0.00296775,5.29167,5.29167,-1620.32
0,0,24.39,0.00175658,-0.00212404,5.32383,5.32383,-1621.31
0,0,24.42,0.00206511,-0.0020561,5.3606,5.3606,-1622.3
0,0,24.45,0.000205083,-0.00160114,5.39352,5.39352,-1623.26
0,0,24.48,0.000803949,-0.00254421,5.42578,5.42578,-1624.24
0,0,24.51,-0.000865144,-0.00373918,5.46179,5.46179,-1625.29
0,0,24.54,-0.00117765,-0.0029124,5.49877,5.49877,-1626.4
0,0,24.57,-0.000306207,-0.000740822,5.53183,5.53183,-1627.42
0,0,24.6,-0.00140505,-0.00183189,5.57184,5.57184,-1628.49
0,0,24.63,-0.00261033,-0.000388994,5.60691,5.60691,-1629.52
0,0,24.66,-0.00233881,-0.00192467,5.64659,5.64659,-1630.59
0,0,24.69,-0.00228109,-0.00139795,5.68149,5.68149,-1631.66
0,0,24.72,-0.00432461,-0.00135072,5.7178,5.71781,-1632.76
0,0,24.75,-0.00556889,-0.00143543,5.75286,5.75287,-1633.8
0,0,24.78,-0.00409909,-0.00185414,5.79203,5.79203,-1634.96
0,0,24.81,-0.00472953,-0.000718267,5.8291,5.8291,-1636.03
0,0,24.84,-0.00467795,-0.000771044,5.86838,5.86838,-1637.27
0,0,24.87,-0.00496088,-0.000203335,5.90779,5.90779,-1638.46
0,0,24.9,-0.00475003,-0.000162831,5.94243,5.94244,-1639.48
0,0,24.93,-0.00544507,0.00184382,5.98139,5.98139,-1640.64
0,0,24.96,-0.00455035,0.000791661,6.01899,6.01899,-1641.8
0,0,24.99,-0.00417737,0.0016037,6.05449,6.05449,-1642.94
0,0,25.02,-0.0054453,0.00219692,6.08959,6.0896,-1644.03
0,0,25.05,-0.0044242,0.00292472,6.1287,6.1287,-1645.16
0,0,25.08,-0.0032155,0.00341187,6.16679,6.16679,-1646.45
0,0,25.11,-0.0039979,0.00268357,6.20213,6.20213,-1647.6
0,0,25.14,-0.00453212,0.00397722,6.23647,6.23647,-1648.79
0,0,25.17,-0.00510809,0.00416954,6.27172,6.27172,-1649.96
0,0,25.2,-0.00244277,0.00247875,6.30504,6.30504,-1651.09
0,0,25.23,-0.00278292,0.00270786,6.34083,6.34083,-1652.29
0,0,25.26,-0.00297094,0.0031571,6.37726,6.37727,-1653.52
0,0,25.29,-0.00321633,0.00491413,6.40874,6.40874,-1654.72
0,0,25.32,-0.00293543,0.00478764,6.43746,6.43747,-1655.95
0,0,25.35,-0.00293428,0.00439289,6.46987,6.46987,-1657.19
0,0,25.38,-0.0012359,0.00519588,6.49609,6.49609,-1658.26
0,0,25.41,-0.000693218,0.0051009,6.52332,6.52332,-1659.5
0,0,25.44,-0.00119525,0.00493256,6.54791,6.54791,-1660.7
0,0,25.47,-0.00209606,0.00427306,6.57231,6.57231,-1661.89
0,0,25.5,-0.000995323,0.00441015,6.59851,6.59851,-1663.12
0,0,25.53,-0.000689606,0.00448682,6.61903,6.61904,-1664.36
0,0,25.56,-0.000370075,0.0052099,6.6371,6.6371,-1665.59
0,0,25.59,0.000563943,0.00513078,6.65985,6.65985,-1666.68
0,0,25.62,-8.44184e-05,0.00515201,6.66848,6.66848,-1667.89
0,0,25.65,0.000650054,0.00423974,6.68347,6.68347,-1668.99
0,0,25.68,0.000343706,0.00399581,6.70693,6.70693,-1670.13
0,0,25.71,1.09587e-06,0.00296734,6.70924,6.70924,-1671.25
0,0,25.74,0.000239986,0.00241075,6.71661,6.71661,-1672.42
0,0,25.77,0.000475604,0.0030568,6.72529,6.72529,-1673.49
0,0,25.8,0.00113483,0.00288482,6.73957,6.73957,-1674.77
0,0,25.83,0.00166868,0.00278026,6.74882,6.74882,-1675.86
0,0,25.86,0.00148297,0.00252748,6.75721,6.75721,-1677.01
0,0,25.89,0.0016635,0.00259233,6.74707,6.74708,-1678.13
0,0,25.92,0.00155215,0.00218004,6.75929,6.75929,-1679.22
0,0,25.95,0.000999434,0.00229053,6.75879,6.75879,-1680.26
0,0,25.98,0.000653693,0.00249998,6.75337,6.75337,-1681.27
0,0,26.01,0.000865406,0.00260576,6.76431,6.76431,-1682.4
0,0,26.04,0.00144864,0.00297445,6.768,6.768,-1683.58
0,0,26.07,0.00185358,0.00260024,6.76071,6.76071,-1684.6
0,0,26.1,0.00238269,0.00181529,6.76767,6.76767,-1685.8
0,0,26.13,0.00267313,0.000886313,6.76388,6.76388,-1686.88
0,0,26.16,0.00266648,-0.000397512,6.76615,6.76615,-1688.1
0,0,26.19,0.00254291,-0.00101866,6.76617,6.76617,-1689.14
0,0,26.22,0.00196573,-0.00141849,6.76481,6.76481,-1690.26
0,0,26.25,0.000886153,-0.00143722,6.75937,6.75937,-1691.26
0,0,26.28,-0.000176566,-0.00125602,6.76164,6.76164,-1692.37
0,0,26.31,-0.000462935,-0.000634466,6.76064,6.76064,-1693.44
0,0,26.34,-0.000137044,0.000287687,6.76711,6.76711,-1694.47
0,0,26.37,0.000257577,0.00128731,6.76743,6.76743,-1695.58
0,0,26.4,0.000623543,0.00215558,6.7655,6.7655,-1696.73
0,0,26.43,0.000416847,0.00214246,6.76103,6.76103,-1697.86
0,0,26.46,-0.000568879,0.0015117,6.75864,6.75864,-1699.03
0,0,26.49,-0.00099579,0.0010891,6.75991,6.75991,-1700.14
0,0,26.52,-0.000990082,0.000973703,6.75707,6.75707,-1701.32
0,0,26.55,-0.000525184,0.00110476,6.75909,6.75909,-1702.33
0,0,26.58,-0.000741951,0.00128322,6.76417,6.76417,-1703.38
0,0,26.61,-0.00098077,0.00143774,6.76051,6.76051,-1704.45
0,0,26.64,-0.00139457,0.00160543,6.75744,6.75744,-1705.5
0,0,26.67,-0.00234387,0.00213299,6.77384,6.77384,-1706.58
0,0,26.7,-0.00296671,0.00236256,6.77857,6.77857,-1707.58
0,0,26.73,-0.0029294,0.00217367,6.76287,6.76287,-1708.55
0,0,26.76,-0.00275724,0.00194904,6.75668,6.75668,-1709.67
0,0,26.79,-0.00244845,0.00157561,6.75741,6.75741,-1710.97
0,0,26.82,-0.00187657,0.00132294,6.75657,6.75657,-1712
0,0,26.85,-0.00149852,0.00111158,6.75333,6.75333,-1712.99
0,0,26.88,-0.000868022,0.00115791,6.76291,6.76291,-1714.01
0,0,26.91,-0.000502581,0.00115195,6.76249,6.76249,-1715.07
0,0,26.94,-0.000431027,0.000782544,6.75771,6.75771,-1716.13
0,0,26.97,-0.000335938,0.000365652,6.75745,6.75745,-1717.15
0,0,27,-0.000615984,-0.000345622,6.76135,6.76135,-1718.41
0,0,27.03,-0.000753929,-0.00109937,6.75966,6.75966,-1719.66
0,0,27.06,-0.000476022,-0.000996075,6.75508,6.75508,-1720.64
0,0,27.09,-0.00011941,-0.000733458,6.74297,6.74297,-1721.51
0,0,27.12,0.000473665,-0.000196637,6.74078,6.74078,-1722.62
0,0,27.15,0.00121718,0.00043562,6.74077,6.74077,-1723.81
0,0,27.18,0.00218345,0.00101568,6.76812,6.76813,-1724.98
0,0,27.21,0.00300428,0.00153776,6.79008,6.79008,-1726.15
0,0,27.24,0.00167267,0.000864742,6.76143,6.76143,-1727.29
0,0,27.27,0.00031455,0.000322551,6.73978,6.73978,-1728.41
0,0,27.3,-0.00111921,0.000654998,6.76516,6.76516,-1729.34
0,0,27.33,-0.00150165,0.000106267,6.76211,6.76211,-1730.36
0,0,27.36,-0.000670282,-0.000754826,6.73986,6.73986,-1731.42
0,0,27.39,-1.42268e-05,-0.00152214,6.75765,6.75765,-1732.54
0,0,27.42,0.000907098,-0.00182139,6.75547,6.75547,-1733.69
0,0,27.45,0.00230009,-0.0018767,6.74272,6.74273,-1734.81
0,0,27.48,0.00360369,-0.00144701,6.7555,6.7555,-1735.87
0,0,27.51,0.00482281,-0.000918196,6.77203,6.77203,-1736.92
0,0,27.54,0.00402489,-0.00118939,6.75227,6.75227,-1737.99
0,0,27.57,0.00280026,-0.00159764,6.71871,6.71871,-1739.06
0,0,27.6,0.00157563,-0.00311531,6.74603,6.74603,-1740.16
0,0,27.63,0.000723912,-0.00457846,6.75924,6.75924,-1741.25
0,0,27.66,0.000715544,-0.00537734,6.74893,6.74893,-1742.29
0,0,27.69,0.00100352,-0.00589899,6.71817,6.71817,-1743.41
0,0,27.72,0.00055009,-0.00580092,6.72967,6.72968,-1744.57
0,0,27.75,0.000488468,-0.00443171,6.73227,6.73227,-1745.62
0,0,27.78,-0.000145532,-0.00187436,6.72382,6.72382,-1746.58
0,0,27.81,-0.000459962,0.000832003,6.71551,6.71551,-1747.63
0,0,27.84,-0.00069475,0.00346313,6.71008,6.71008,-1748.7
0,0,27.87,-0.000703131,0.00601779,6.71221,6.71221,-1749.91
0,0,27.9,-0.000147929,0.00699732,6.73304,6.73304,-1751.04
0,0,27.93,0.000289342,0.00637995,6.73258,6.73258,-1752.07
0,0,27.96,0.000407915,0.00477772,6.72946,6.72947,-1753.12
0,0,27.99,0.000208553,0.00267725,6.72991,6.72991,-1754.29
0,0,28.02,-0.000354352,0.000784508,6.7205,6.7205,-1755.36
0,0,28.05,-0.00114056,-0.00082612,6.72148,6.72148,-1756.62
0,0,28.08,-0.00167486,-0.00244687,6.72546,6.72547,-1757.77
0,0,28.11,-0.00198572,-0.00407756,6.72826,6.72826,-1758.89
0,0,28.14,-0.00212719,-0.00544467,6.71806,6.71806,-1759.99
0,0,28.17,-0.00185421,-0.00563773,6.7256,6.7256,-1760.98
0,0,28.2,-0.00215535,-0.00560035,6.72072,6.72073,-1761.9
0,0,28.23,-0.00250632,-0.00579363,6.72042,6.72043,-1762.86
0,0,28.26,-0.00308991,-0.00561053,6.73135,6.73135,-1763.91
0,0,28.29,-0.00356818,-0.00576181,6.75583,6.75583,-1764.93
0,0,28.32,-0.00356486,-0.00445208,6.74994,6.74995,-1766.01
0,0,28.35,-0.00292053,-0.00196657,6.72174,6.72174,-1767.16
0,0,28.38,-0.00360823,-0.000523723,6.73218,6.73218,-1768.22
0,0,28.41,-0.00281031,0.00184918,6.74016,6.74017,-1769.49
0,0,28.44,-0.00152056,0.00350186,6.71317,6.71317,-1770.7
0,0,28.47,-0.000692444,0.00491481,6.73541,6.73542,-1771.78
0,0,28.5,3.38733e-05,0.00627818,6.76823,6.76823,-1772.84
0,0,28.53,0.000435452,0.00662009,6.7639,6.7639,-1773.87
0,0,28.56,0.000672201,0.00600183,6.73637,6.73637,-1774.9
0,0,28.59,0.000676639,0.0056239,6.71764,6.71765,-1775.94
0,0,28.62,-0.000537949,0.00635668,6.74021,6.74021,-1777.03
0,0,28.65,-0.00209082,0.00581937,6.74437,6.74437,-1778.22
0,0,28.68,-0.00234747,0.00389722,6.74695,6.74695,-1779.23
0,0,28.71,-0.00211763,0.0015945,6.72336,6.72336,-1780.16
0,0,28.74,-0.00223837,-0.000346752,6.72603,6.72603,-1781.21
0,0,28.77,-0.00266649,-0.00194259,6.74224,6.74224,-1782.36
0,0,28.8,-0.00321572,-0.00383969,6.73853,6.73853,-1783.5
0,0,28.83,-0.00390206,-0.00500314,6.73236,6.73236,-1784.6
0,0,28.86,-0.00424567,-0.00624876,6.70717,6.70718,-1785.69
0,0,28.89,-0.00501216,-0.00716617,6.72502,6.72502,-1786.73
0,0,28.92,-0.00537801,-0.0069492,6.71559,6.7156,-1787.81
0,0,28.95,-0.00609723,-0.00579789,6.7182,6.7182,-1788.93
0,0,28.98,-0.00563138,-0.00415439,6.70245,6.70245,-1790.15
0,0,29.01,-0.00567968,-0.00332831,6.70612,6.70612,-1791.22
0,0,29.04,-0.00516687,-0.00246756,6.70918,6.70918,-1792.32
0,0,29.07,-0.00411658,-0.00175907,6.71411,6.71411,-1793.43
0,0,29.1,-0.00308749,-0.00124843,6.72211,6.72212,-1794.48
0,0,29.13,-0.00195276,-0.00132755,6.71587,6.71587,-1795.51
0,0,29.16,-0.000809056,-0.00115423,6.7431,6.7431,-1796.6
0,0,29.19,0.000307268,-0.00104411,6.75877,6.75877,-1797.7
0,0,29.22,0.00141974,-0.000952507,6.77345,6.77345,-1798.79
0,0,29.25,0.00208225,-0.00101408,6.77633,6.77633,-1799.86
0,0,29.28,0.00264073,-0.00168188,6.76359,6.76359,-1800.92
0,0,29.31,0.00300394,-0.00242485,6.74454,6.74454,-1801.93
0,0,29.34,0.00318534,-0.00319847,6.72695,6.72695,-1802.96
0,0,29.37,0.00285031,-0.00375135,6.73984,6.73984,-1803.99
0,0,29.4,0.00317415,-0.00420324,6.73911,6.73911,-1805.12
0,0,29.43,0.0029595,-0.00428145,6.74234,6.74234,-1806.28
0,0,29.46,0.00227029,-0.00441122,6.76395,6.76396,-1807.54
0,0,29.49,0.000443174,-0.00445756,6.74736,6.74736,-1808.8
0,0,29.52,-0.000870506,-0.00579236,6.76734,6.76734,-1809.96
0,0,29.55,-0.00243683,-0.00815309,6.75399,6.75399,-1811.01
0,0,29.58,-0.0039199,-0.00964555,6.77553,6.77553,-1812.25
0,0,29.61,-0.00424967,-0.00841661,6.76801,6.76802,-1813.37
0,0,29.64,-0.00531976,-0.00760678,6.78836,6.78836,-1814.48
0,0,29.67,-0.0052114,-0.00539797,6.80529,6.80529,-1815.82
0,0,29.7,-0.00410132,-0.00609267,6.81835,6.81835,-1816.8
0,0,29.73,-0.000291893,-0.00751109,6.82415,6.82416,-1817.91
0,0,29.76,-5.58881e-05,-0.00453132,6.88317,6.88317,-1819.15
0,0,29.79,0.00132326,-0.00277008,6.91384,6.91384,-1820.34
0,0,29.82,0.00161446,-0.000676965,6.92243,6.92243,-1821.5
0,0,29.85,0.001759,0.000464883,6.95266,6.95266,-1822.64
0,0,29.88,0.00270671,0.00187237,7.00929,7.00929,-1823.71
0,0,29.91,0.000884733,0.00119844,7.02531,7.02531,-1824.74
0,0,29.94,0.00333233,0.00345694,7.02778,7.02778,-1826.43
0,0,29.97,0.00596577,0.00572261,7.00308,7.00308,-1828.09
0,0,30,0.0061447,0.00505064,7.03383,7.03384,-1829.09
